iso3,year,liberal_dem
AFG,1990,0.046
AFG,1991,0.044
AFG,1992,0.035
AFG,1993,0.027
AFG,1994,0.027
AFG,1995,0.026
AFG,1996,0.026
AFG,1997,0.029
AFG,1998,0.029
AFG,1999,0.029
AFG,2000,0.029
AFG,2001,0.035
AFG,2002,0.097
AFG,2003,0.1
AFG,2004,0.105
AFG,2005,0.132
AFG,2006,0.224
AFG,2007,0.226
AFG,2008,0.23
AFG,2009,0.228
AFG,2010,0.223
AFG,2011,0.224
AFG,2012,0.226
AFG,2013,0.228
AFG,2014,0.228
AFG,2015,0.225
AFG,2016,0.208
AFG,2017,0.209
AFG,2018,0.199
AFG,2019,0.184
AFG,2020,0.191
AGO,1990,0.051
AGO,1991,0.056
AGO,1992,0.078
AGO,1993,0.078
AGO,1994,0.078
AGO,1995,0.079
AGO,1996,0.079
AGO,1997,0.079
AGO,1998,0.079
AGO,1999,0.079
AGO,2000,0.08
AGO,2001,0.081
AGO,2002,0.083
AGO,2003,0.09
AGO,2004,0.092
AGO,2005,0.094
AGO,2006,0.094
AGO,2007,0.094
AGO,2008,0.099
AGO,2009,0.106
AGO,2010,0.106
AGO,2011,0.132
AGO,2012,0.131
AGO,2013,0.134
AGO,2014,0.134
AGO,2015,0.134
AGO,2016,0.134
AGO,2017,0.15
AGO,2018,0.177
AGO,2019,0.184
AGO,2020,0.182
ALB,1990,0.074
ALB,1991,0.267
ALB,1992,0.336
ALB,1993,0.323
ALB,1994,0.339
ALB,1995,0.348
ALB,1996,0.323
ALB,1997,0.312
ALB,1998,0.328
ALB,1999,0.334
ALB,2000,0.345
ALB,2001,0.369
ALB,2002,0.396
ALB,2003,0.399
ALB,2004,0.405
ALB,2005,0.427
ALB,2006,0.447
ALB,2007,0.453
ALB,2008,0.451
ALB,2009,0.452
ALB,2010,0.448
ALB,2011,0.449
ALB,2012,0.449
ALB,2013,0.436
ALB,2014,0.442
ALB,2015,0.442
ALB,2016,0.443
ALB,2017,0.441
ALB,2018,0.432
ALB,2019,0.432
ALB,2020,0.447
ARE,1990,0.055
ARE,1991,0.055
ARE,1992,0.055
ARE,1993,0.055
ARE,1994,0.067
ARE,1995,0.068
ARE,1996,0.071
ARE,1997,0.071
ARE,1998,0.071
ARE,1999,0.071
ARE,2000,0.071
ARE,2001,0.071
ARE,2002,0.071
ARE,2003,0.07
ARE,2004,0.068
ARE,2005,0.069
ARE,2006,0.072
ARE,2007,0.08
ARE,2008,0.08
ARE,2009,0.081
ARE,2010,0.082
ARE,2011,0.08
ARE,2012,0.086
ARE,2013,0.087
ARE,2014,0.088
ARE,2015,0.09
ARE,2016,0.091
ARE,2017,0.092
ARE,2018,0.094
ARE,2019,0.092
ARE,2020,0.09
ARG,1990,0.62
ARG,1991,0.635
ARG,1992,0.641
ARG,1993,0.642
ARG,1994,0.645
ARG,1995,0.65
ARG,1996,0.644
ARG,1997,0.642
ARG,1998,0.638
ARG,1999,0.644
ARG,2000,0.676
ARG,2001,0.687
ARG,2002,0.666
ARG,2003,0.648
ARG,2004,0.643
ARG,2005,0.633
ARG,2006,0.625
ARG,2007,0.619
ARG,2008,0.605
ARG,2009,0.601
ARG,2010,0.589
ARG,2011,0.585
ARG,2012,0.587
ARG,2013,0.598
ARG,2014,0.605
ARG,2015,0.598
ARG,2016,0.62
ARG,2017,0.614
ARG,2018,0.641
ARG,2019,0.631
ARG,2020,0.654
ARM,1990,0.33
ARM,1991,0.356
ARM,1992,0.348
ARM,1993,0.338
ARM,1994,0.327
ARM,1995,0.279
ARM,1996,0.239
ARM,1997,0.226
ARM,1998,0.221
ARM,1999,0.218
ARM,2000,0.217
ARM,2001,0.22
ARM,2002,0.214
ARM,2003,0.192
ARM,2004,0.186
ARM,2005,0.191
ARM,2006,0.19
ARM,2007,0.193
ARM,2008,0.175
ARM,2009,0.181
ARM,2010,0.191
ARM,2011,0.193
ARM,2012,0.204
ARM,2013,0.211
ARM,2014,0.206
ARM,2015,0.207
ARM,2016,0.209
ARM,2017,0.224
ARM,2018,0.408
ARM,2019,0.631
ARM,2020,0.584
AUS,1990,0.852
AUS,1991,0.852
AUS,1992,0.852
AUS,1993,0.852
AUS,1994,0.852
AUS,1995,0.852
AUS,1996,0.85
AUS,1997,0.845
AUS,1998,0.845
AUS,1999,0.845
AUS,2000,0.847
AUS,2001,0.845
AUS,2002,0.84
AUS,2003,0.84
AUS,2004,0.84
AUS,2005,0.838
AUS,2006,0.838
AUS,2007,0.84
AUS,2008,0.85
AUS,2009,0.85
AUS,2010,0.86
AUS,2011,0.865
AUS,2012,0.865
AUS,2013,0.818
AUS,2014,0.81
AUS,2015,0.825
AUS,2016,0.832
AUS,2017,0.827
AUS,2018,0.817
AUS,2019,0.78
AUS,2020,0.795
AUT,1990,0.783
AUT,1991,0.784
AUT,1992,0.784
AUT,1993,0.785
AUT,1994,0.784
AUT,1995,0.779
AUT,1996,0.786
AUT,1997,0.786
AUT,1998,0.785
AUT,1999,0.785
AUT,2000,0.787
AUT,2001,0.787
AUT,2002,0.787
AUT,2003,0.787
AUT,2004,0.787
AUT,2005,0.787
AUT,2006,0.79
AUT,2007,0.804
AUT,2008,0.804
AUT,2009,0.806
AUT,2010,0.804
AUT,2011,0.806
AUT,2012,0.806
AUT,2013,0.808
AUT,2014,0.807
AUT,2015,0.805
AUT,2016,0.784
AUT,2017,0.786
AUT,2018,0.779
AUT,2019,0.792
AUT,2020,0.789
AZE,1990,0.08
AZE,1991,0.096
AZE,1992,0.211
AZE,1993,0.14
AZE,1994,0.088
AZE,1995,0.085
AZE,1996,0.086
AZE,1997,0.086
AZE,1998,0.083
AZE,1999,0.081
AZE,2000,0.083
AZE,2001,0.082
AZE,2002,0.081
AZE,2003,0.076
AZE,2004,0.077
AZE,2005,0.074
AZE,2006,0.073
AZE,2007,0.073
AZE,2008,0.072
AZE,2009,0.072
AZE,2010,0.071
AZE,2011,0.068
AZE,2012,0.068
AZE,2013,0.068
AZE,2014,0.065
AZE,2015,0.065
AZE,2016,0.062
AZE,2017,0.068
AZE,2018,0.059
AZE,2019,0.065
AZE,2020,0.065
BDI,1990,0.088
BDI,1991,0.085
BDI,1992,0.103
BDI,1993,0.169
BDI,1994,0.169
BDI,1995,0.173
BDI,1996,0.157
BDI,1997,0.152
BDI,1998,0.151
BDI,1999,0.152
BDI,2000,0.15
BDI,2001,0.152
BDI,2002,0.153
BDI,2003,0.154
BDI,2004,0.157
BDI,2005,0.15
BDI,2006,0.188
BDI,2007,0.184
BDI,2008,0.184
BDI,2009,0.178
BDI,2010,0.147
BDI,2011,0.138
BDI,2012,0.136
BDI,2013,0.108
BDI,2014,0.1
BDI,2015,0.061
BDI,2016,0.045
BDI,2017,0.047
BDI,2018,0.044
BDI,2019,0.054
BDI,2020,0.052
BEL,1990,0.803
BEL,1991,0.803
BEL,1992,0.81
BEL,1993,0.81
BEL,1994,0.81
BEL,1995,0.816
BEL,1996,0.818
BEL,1997,0.818
BEL,1998,0.817
BEL,1999,0.82
BEL,2000,0.822
BEL,2001,0.822
BEL,2002,0.822
BEL,2003,0.824
BEL,2004,0.8
BEL,2005,0.819
BEL,2006,0.825
BEL,2007,0.832
BEL,2008,0.838
BEL,2009,0.838
BEL,2010,0.836
BEL,2011,0.835
BEL,2012,0.835
BEL,2013,0.842
BEL,2014,0.842
BEL,2015,0.841
BEL,2016,0.84
BEL,2017,0.838
BEL,2018,0.838
BEL,2019,0.839
BEL,2020,0.825
BEN,1990,0.163
BEN,1991,0.368
BEN,1992,0.497
BEN,1993,0.497
BEN,1994,0.497
BEN,1995,0.518
BEN,1996,0.514
BEN,1997,0.506
BEN,1998,0.506
BEN,1999,0.5
BEN,2000,0.503
BEN,2001,0.502
BEN,2002,0.504
BEN,2003,0.499
BEN,2004,0.498
BEN,2005,0.523
BEN,2006,0.544
BEN,2007,0.539
BEN,2008,0.529
BEN,2009,0.529
BEN,2010,0.528
BEN,2011,0.495
BEN,2012,0.49
BEN,2013,0.489
BEN,2014,0.488
BEN,2015,0.534
BEN,2016,0.587
BEN,2017,0.595
BEN,2018,0.485
BEN,2019,0.341
BEN,2020,0.287
BFA,1990,0.104
BFA,1991,0.117
BFA,1992,0.216
BFA,1993,0.257
BFA,1994,0.257
BFA,1995,0.257
BFA,1996,0.259
BFA,1997,0.264
BFA,1998,0.272
BFA,1999,0.311
BFA,2000,0.329
BFA,2001,0.329
BFA,2002,0.328
BFA,2003,0.328
BFA,2004,0.328
BFA,2005,0.33
BFA,2006,0.343
BFA,2007,0.342
BFA,2008,0.343
BFA,2009,0.34
BFA,2010,0.358
BFA,2011,0.361
BFA,2012,0.364
BFA,2013,0.407
BFA,2014,0.422
BFA,2015,0.31
BFA,2016,0.51
BFA,2017,0.518
BFA,2018,0.495
BFA,2019,0.482
BFA,2020,0.485
BGD,1990,0.169
BGD,1991,0.258
BGD,1992,0.27
BGD,1993,0.271
BGD,1994,0.271
BGD,1995,0.271
BGD,1996,0.268
BGD,1997,0.27
BGD,1998,0.27
BGD,1999,0.27
BGD,2000,0.275
BGD,2001,0.267
BGD,2002,0.236
BGD,2003,0.239
BGD,2004,0.232
BGD,2005,0.232
BGD,2006,0.216
BGD,2007,0.105
BGD,2008,0.106
BGD,2009,0.197
BGD,2010,0.174
BGD,2011,0.168
BGD,2012,0.166
BGD,2013,0.144
BGD,2014,0.11
BGD,2015,0.111
BGD,2016,0.111
BGD,2017,0.108
BGD,2018,0.103
BGD,2019,0.096
BGD,2020,0.096
BGR,1990,0.456
BGR,1991,0.513
BGR,1992,0.601
BGR,1993,0.599
BGR,1994,0.597
BGR,1995,0.598
BGR,1996,0.603
BGR,1997,0.613
BGR,1998,0.609
BGR,1999,0.621
BGR,2000,0.623
BGR,2001,0.602
BGR,2002,0.622
BGR,2003,0.622
BGR,2004,0.625
BGR,2005,0.609
BGR,2006,0.611
BGR,2007,0.619
BGR,2008,0.626
BGR,2009,0.596
BGR,2010,0.576
BGR,2011,0.571
BGR,2012,0.568
BGR,2013,0.551
BGR,2014,0.569
BGR,2015,0.571
BGR,2016,0.567
BGR,2017,0.53
BGR,2018,0.517
BGR,2019,0.51
BGR,2020,0.502
BHR,1990,NA
BHR,1991,NA
BHR,1992,NA
BHR,1993,NA
BHR,1994,NA
BHR,1995,NA
BHR,1996,NA
BHR,1997,NA
BHR,1998,NA
BHR,1999,NA
BHR,2000,NA
BHR,2001,NA
BHR,2002,0.078
BHR,2003,0.088
BHR,2004,0.085
BHR,2005,0.085
BHR,2006,0.091
BHR,2007,0.087
BHR,2008,0.087
BHR,2009,0.086
BHR,2010,0.084
BHR,2011,0.045
BHR,2012,0.044
BHR,2013,0.044
BHR,2014,0.045
BHR,2015,0.044
BHR,2016,0.044
BHR,2017,0.042
BHR,2018,0.044
BHR,2019,0.052
BHR,2020,0.052
BIH,1992,0.113
BIH,1993,0.113
BIH,1994,0.072
BIH,1995,0.074
BIH,1996,0.144
BIH,1997,0.339
BIH,1998,0.359
BIH,1999,0.374
BIH,2000,0.4
BIH,2001,0.414
BIH,2002,0.412
BIH,2003,0.435
BIH,2004,0.42
BIH,2005,0.428
BIH,2006,0.416
BIH,2007,0.378
BIH,2008,0.377
BIH,2009,0.381
BIH,2010,0.384
BIH,2011,0.385
BIH,2012,0.386
BIH,2013,0.374
BIH,2014,0.374
BIH,2015,0.368
BIH,2016,0.369
BIH,2017,0.367
BIH,2018,0.348
BIH,2019,0.35
BIH,2020,0.343
BLR,1990,0.345
BLR,1991,0.374
BLR,1992,0.446
BLR,1993,0.443
BLR,1994,0.41
BLR,1995,0.36
BLR,1996,0.217
BLR,1997,0.14
BLR,1998,0.133
BLR,1999,0.116
BLR,2000,0.109
BLR,2001,0.104
BLR,2002,0.102
BLR,2003,0.1
BLR,2004,0.099
BLR,2005,0.097
BLR,2006,0.097
BLR,2007,0.096
BLR,2008,0.098
BLR,2009,0.098
BLR,2010,0.096
BLR,2011,0.095
BLR,2012,0.095
BLR,2013,0.1
BLR,2014,0.1
BLR,2015,0.102
BLR,2016,0.109
BLR,2017,0.11
BLR,2018,0.112
BLR,2019,0.112
BLR,2020,0.047
BOL,1990,0.428
BOL,1991,0.455
BOL,1992,0.465
BOL,1993,0.472
BOL,1994,0.49
BOL,1995,0.496
BOL,1996,0.496
BOL,1997,0.52
BOL,1998,0.522
BOL,1999,0.528
BOL,2000,0.529
BOL,2001,0.524
BOL,2002,0.512
BOL,2003,0.514
BOL,2004,0.546
BOL,2005,0.536
BOL,2006,0.468
BOL,2007,0.459
BOL,2008,0.46
BOL,2009,0.444
BOL,2010,0.408
BOL,2011,0.406
BOL,2012,0.405
BOL,2013,0.404
BOL,2014,0.397
BOL,2015,0.376
BOL,2016,0.381
BOL,2017,0.37
BOL,2018,0.345
BOL,2019,0.253
BOL,2020,0.232
BRA,1990,0.679
BRA,1991,0.693
BRA,1992,0.702
BRA,1993,0.706
BRA,1994,0.709
BRA,1995,0.712
BRA,1996,0.713
BRA,1997,0.713
BRA,1998,0.715
BRA,1999,0.719
BRA,2000,0.721
BRA,2001,0.721
BRA,2002,0.724
BRA,2003,0.724
BRA,2004,0.724
BRA,2005,0.774
BRA,2006,0.773
BRA,2007,0.77
BRA,2008,0.77
BRA,2009,0.77
BRA,2010,0.778
BRA,2011,0.785
BRA,2012,0.782
BRA,2013,0.79
BRA,2014,0.789
BRA,2015,0.779
BRA,2016,0.659
BRA,2017,0.644
BRA,2018,0.612
BRA,2019,0.536
BRA,2020,0.539
BRB,1990,0.632
BRB,1991,0.644
BRB,1992,0.645
BRB,1993,0.645
BRB,1994,0.645
BRB,1995,0.646
BRB,1996,0.646
BRB,1997,0.646
BRB,1998,0.646
BRB,1999,0.656
BRB,2000,0.656
BRB,2001,0.656
BRB,2002,0.656
BRB,2003,0.652
BRB,2004,0.649
BRB,2005,0.649
BRB,2006,0.648
BRB,2007,0.649
BRB,2008,0.665
BRB,2009,0.666
BRB,2010,0.665
BRB,2011,0.665
BRB,2012,0.665
BRB,2013,0.659
BRB,2014,0.659
BRB,2015,0.664
BRB,2016,0.664
BRB,2017,0.657
BRB,2018,0.653
BRB,2019,0.665
BRB,2020,0.679
BTN,1990,0.131
BTN,1991,0.131
BTN,1992,0.131
BTN,1993,0.134
BTN,1994,0.134
BTN,1995,0.134
BTN,1996,0.133
BTN,1997,0.133
BTN,1998,0.145
BTN,1999,0.153
BTN,2000,0.156
BTN,2001,0.158
BTN,2002,0.164
BTN,2003,0.164
BTN,2004,0.165
BTN,2005,0.163
BTN,2006,0.169
BTN,2007,0.174
BTN,2008,0.441
BTN,2009,0.51
BTN,2010,0.516
BTN,2011,0.517
BTN,2012,0.516
BTN,2013,0.487
BTN,2014,0.483
BTN,2015,0.485
BTN,2016,0.475
BTN,2017,0.482
BTN,2018,0.497
BTN,2019,0.525
BTN,2020,0.515
BWA,1990,0.584
BWA,1991,0.584
BWA,1992,0.584
BWA,1993,0.584
BWA,1994,0.582
BWA,1995,0.586
BWA,1996,0.586
BWA,1997,0.601
BWA,1998,0.607
BWA,1999,0.607
BWA,2000,0.61
BWA,2001,0.61
BWA,2002,0.61
BWA,2003,0.61
BWA,2004,0.615
BWA,2005,0.62
BWA,2006,0.622
BWA,2007,0.626
BWA,2008,0.617
BWA,2009,0.62
BWA,2010,0.623
BWA,2011,0.62
BWA,2012,0.611
BWA,2013,0.611
BWA,2014,0.611
BWA,2015,0.591
BWA,2016,0.586
BWA,2017,0.572
BWA,2018,0.581
BWA,2019,0.561
BWA,2020,0.489
CAF,1990,0.124
CAF,1991,0.132
CAF,1992,0.152
CAF,1993,0.213
CAF,1994,0.222
CAF,1995,0.22
CAF,1996,0.22
CAF,1997,0.22
CAF,1998,0.22
CAF,1999,0.216
CAF,2000,0.217
CAF,2001,0.217
CAF,2002,0.217
CAF,2003,0.119
CAF,2004,0.091
CAF,2005,0.156
CAF,2006,0.193
CAF,2007,0.193
CAF,2008,0.193
CAF,2009,0.193
CAF,2010,0.195
CAF,2011,0.183
CAF,2012,0.183
CAF,2013,0.151
CAF,2014,0.172
CAF,2015,0.181
CAF,2016,0.232
CAF,2017,0.232
CAF,2018,0.249
CAF,2019,0.22
CAF,2020,0.199
CAN,1990,0.759
CAN,1991,0.759
CAN,1992,0.755
CAN,1993,0.755
CAN,1994,0.761
CAN,1995,0.761
CAN,1996,0.769
CAN,1997,0.766
CAN,1998,0.764
CAN,1999,0.764
CAN,2000,0.765
CAN,2001,0.761
CAN,2002,0.754
CAN,2003,0.754
CAN,2004,0.758
CAN,2005,0.758
CAN,2006,0.765
CAN,2007,0.767
CAN,2008,0.766
CAN,2009,0.765
CAN,2010,0.766
CAN,2011,0.742
CAN,2012,0.737
CAN,2013,0.746
CAN,2014,0.741
CAN,2015,0.745
CAN,2016,0.774
CAN,2017,0.777
CAN,2018,0.773
CAN,2019,0.781
CAN,2020,0.761
CHE,1990,0.83
CHE,1991,0.832
CHE,1992,0.828
CHE,1993,0.833
CHE,1994,0.833
CHE,1995,0.833
CHE,1996,0.837
CHE,1997,0.837
CHE,1998,0.837
CHE,1999,0.837
CHE,2000,0.837
CHE,2001,0.837
CHE,2002,0.837
CHE,2003,0.842
CHE,2004,0.842
CHE,2005,0.842
CHE,2006,0.842
CHE,2007,0.845
CHE,2008,0.854
CHE,2009,0.853
CHE,2010,0.853
CHE,2011,0.855
CHE,2012,0.859
CHE,2013,0.86
CHE,2014,0.86
CHE,2015,0.861
CHE,2016,0.861
CHE,2017,0.868
CHE,2018,0.868
CHE,2019,0.866
CHE,2020,0.855
CHL,1990,0.635
CHL,1991,0.751
CHL,1992,0.751
CHL,1993,0.75
CHL,1994,0.789
CHL,1995,0.789
CHL,1996,0.789
CHL,1997,0.789
CHL,1998,0.789
CHL,1999,0.786
CHL,2000,0.815
CHL,2001,0.815
CHL,2002,0.813
CHL,2003,0.813
CHL,2004,0.813
CHL,2005,0.823
CHL,2006,0.836
CHL,2007,0.839
CHL,2008,0.839
CHL,2009,0.84
CHL,2010,0.841
CHL,2011,0.842
CHL,2012,0.844
CHL,2013,0.853
CHL,2014,0.849
CHL,2015,0.844
CHL,2016,0.844
CHL,2017,0.851
CHL,2018,0.81
CHL,2019,0.767
CHL,2020,0.765
CHN,1990,0.065
CHN,1991,0.064
CHN,1992,0.066
CHN,1993,0.067
CHN,1994,0.067
CHN,1995,0.068
CHN,1996,0.069
CHN,1997,0.069
CHN,1998,0.07
CHN,1999,0.069
CHN,2000,0.07
CHN,2001,0.07
CHN,2002,0.073
CHN,2003,0.073
CHN,2004,0.073
CHN,2005,0.056
CHN,2006,0.055
CHN,2007,0.056
CHN,2008,0.057
CHN,2009,0.057
CHN,2010,0.056
CHN,2011,0.055
CHN,2012,0.055
CHN,2013,0.053
CHN,2014,0.053
CHN,2015,0.052
CHN,2016,0.053
CHN,2017,0.05
CHN,2018,0.049
CHN,2019,0.048
CHN,2020,0.043
CIV,1990,0.191
CIV,1991,0.194
CIV,1992,0.194
CIV,1993,0.21
CIV,1994,0.228
CIV,1995,0.188
CIV,1996,0.25
CIV,1997,0.252
CIV,1998,0.25
CIV,1999,0.253
CIV,2000,0.174
CIV,2001,0.304
CIV,2002,0.306
CIV,2003,0.306
CIV,2004,0.307
CIV,2005,0.303
CIV,2006,0.301
CIV,2007,0.302
CIV,2008,0.301
CIV,2009,0.297
CIV,2010,0.302
CIV,2011,0.299
CIV,2012,0.329
CIV,2013,0.318
CIV,2014,0.323
CIV,2015,0.329
CIV,2016,0.356
CIV,2017,0.346
CIV,2018,0.348
CIV,2019,0.33
CIV,2020,0.27
CMR,1990,0.128
CMR,1991,0.137
CMR,1992,0.145
CMR,1993,0.15
CMR,1994,0.151
CMR,1995,0.152
CMR,1996,0.15
CMR,1997,0.148
CMR,1998,0.15
CMR,1999,0.15
CMR,2000,0.159
CMR,2001,0.16
CMR,2002,0.159
CMR,2003,0.161
CMR,2004,0.162
CMR,2005,0.158
CMR,2006,0.158
CMR,2007,0.157
CMR,2008,0.158
CMR,2009,0.159
CMR,2010,0.158
CMR,2011,0.159
CMR,2012,0.164
CMR,2013,0.153
CMR,2014,0.157
CMR,2015,0.154
CMR,2016,0.143
CMR,2017,0.137
CMR,2018,0.127
CMR,2019,0.122
CMR,2020,0.13
COD,1990,0.053
COD,1991,0.057
COD,1992,0.056
COD,1993,0.037
COD,1994,0.037
COD,1995,0.038
COD,1996,0.038
COD,1997,0.027
COD,1998,0.037
COD,1999,0.042
COD,2000,0.054
COD,2001,0.056
COD,2002,0.057
COD,2003,0.087
COD,2004,0.1
COD,2005,0.102
COD,2006,0.121
COD,2007,0.153
COD,2008,0.153
COD,2009,0.158
COD,2010,0.156
COD,2011,0.154
COD,2012,0.145
COD,2013,0.134
COD,2014,0.135
COD,2015,0.128
COD,2016,0.126
COD,2017,0.12
COD,2018,0.125
COD,2019,0.145
COD,2020,0.155
COG,1990,0.067
COG,1991,0.176
COG,1992,0.197
COG,1993,0.3
COG,1994,0.29
COG,1995,0.292
COG,1996,0.3
COG,1997,0.064
COG,1998,0.075
COG,1999,0.073
COG,2000,0.073
COG,2001,0.072
COG,2002,0.083
COG,2003,0.094
COG,2004,0.094
COG,2005,0.094
COG,2006,0.094
COG,2007,0.094
COG,2008,0.093
COG,2009,0.093
COG,2010,0.093
COG,2011,0.093
COG,2012,0.092
COG,2013,0.1
COG,2014,0.1
COG,2015,0.099
COG,2016,0.097
COG,2017,0.098
COG,2018,0.106
COG,2019,0.095
COG,2020,0.114
COL,1990,0.323
COL,1991,0.396
COL,1992,0.43
COL,1993,0.43
COL,1994,0.431
COL,1995,0.433
COL,1996,0.431
COL,1997,0.432
COL,1998,0.425
COL,1999,0.42
COL,2000,0.428
COL,2001,0.425
COL,2002,0.413
COL,2003,0.423
COL,2004,0.426
COL,2005,0.43
COL,2006,0.448
COL,2007,0.46
COL,2008,0.461
COL,2009,0.466
COL,2010,0.497
COL,2011,0.538
COL,2012,0.537
COL,2013,0.536
COL,2014,0.546
COL,2015,0.551
COL,2016,0.548
COL,2017,0.547
COL,2018,0.537
COL,2019,0.507
COL,2020,0.491
COM,1990,0.187
COM,1991,0.205
COM,1992,0.209
COM,1993,0.161
COM,1994,0.203
COM,1995,0.197
COM,1996,0.143
COM,1997,0.218
COM,1998,0.218
COM,1999,0.14
COM,2000,0.103
COM,2001,0.094
COM,2002,0.138
COM,2003,0.164
COM,2004,0.229
COM,2005,0.256
COM,2006,0.252
COM,2007,0.258
COM,2008,0.257
COM,2009,0.251
COM,2010,0.252
COM,2011,0.269
COM,2012,0.269
COM,2013,0.297
COM,2014,0.3
COM,2015,0.25
COM,2016,0.245
COM,2017,0.191
COM,2018,0.168
COM,2019,0.115
COM,2020,0.109
CPV,1990,0.287
CPV,1991,0.579
CPV,1992,0.644
CPV,1993,0.644
CPV,1994,0.644
CPV,1995,0.653
CPV,1996,0.691
CPV,1997,0.69
CPV,1998,0.69
CPV,1999,0.69
CPV,2000,0.679
CPV,2001,0.675
CPV,2002,0.682
CPV,2003,0.682
CPV,2004,0.682
CPV,2005,0.683
CPV,2006,0.693
CPV,2007,0.697
CPV,2008,0.699
CPV,2009,0.699
CPV,2010,0.697
CPV,2011,0.704
CPV,2012,0.705
CPV,2013,0.715
CPV,2014,0.715
CPV,2015,0.712
CPV,2016,0.716
CPV,2017,0.707
CPV,2018,0.7
CPV,2019,0.704
CPV,2020,0.704
CRI,1990,0.838
CRI,1991,0.843
CRI,1992,0.843
CRI,1993,0.843
CRI,1994,0.843
CRI,1995,0.843
CRI,1996,0.844
CRI,1997,0.842
CRI,1998,0.846
CRI,1999,0.846
CRI,2000,0.844
CRI,2001,0.844
CRI,2002,0.848
CRI,2003,0.848
CRI,2004,0.846
CRI,2005,0.845
CRI,2006,0.853
CRI,2007,0.854
CRI,2008,0.854
CRI,2009,0.855
CRI,2010,0.858
CRI,2011,0.858
CRI,2012,0.859
CRI,2013,0.854
CRI,2014,0.856
CRI,2015,0.856
CRI,2016,0.855
CRI,2017,0.852
CRI,2018,0.837
CRI,2019,0.844
CRI,2020,0.847
CUB,1990,0.034
CUB,1991,0.034
CUB,1992,0.035
CUB,1993,0.039
CUB,1994,0.039
CUB,1995,0.039
CUB,1996,0.04
CUB,1997,0.041
CUB,1998,0.042
CUB,1999,0.041
CUB,2000,0.041
CUB,2001,0.044
CUB,2002,0.044
CUB,2003,0.043
CUB,2004,0.043
CUB,2005,0.044
CUB,2006,0.043
CUB,2007,0.044
CUB,2008,0.042
CUB,2009,0.051
CUB,2010,0.052
CUB,2011,0.053
CUB,2012,0.053
CUB,2013,0.059
CUB,2014,0.059
CUB,2015,0.058
CUB,2016,0.058
CUB,2017,0.06
CUB,2018,0.062
CUB,2019,0.063
CUB,2020,0.061
CYP,1990,0.614
CYP,1991,0.627
CYP,1992,0.632
CYP,1993,0.635
CYP,1994,0.637
CYP,1995,0.635
CYP,1996,0.635
CYP,1997,0.635
CYP,1998,0.633
CYP,1999,0.638
CYP,2000,0.672
CYP,2001,0.68
CYP,2002,0.679
CYP,2003,0.669
CYP,2004,0.708
CYP,2005,0.706
CYP,2006,0.714
CYP,2007,0.73
CYP,2008,0.735
CYP,2009,0.732
CYP,2010,0.739
CYP,2011,0.739
CYP,2012,0.734
CYP,2013,0.738
CYP,2014,0.736
CYP,2015,0.742
CYP,2016,0.741
CYP,2017,0.731
CYP,2018,0.725
CYP,2019,0.715
CYP,2020,0.694
CZE,1990,0.717
CZE,1991,0.804
CZE,1992,0.812
CZE,1993,0.826
CZE,1994,0.826
CZE,1995,0.826
CZE,1996,0.826
CZE,1997,0.826
CZE,1998,0.816
CZE,1999,0.808
CZE,2000,0.806
CZE,2001,0.806
CZE,2002,0.814
CZE,2003,0.821
CZE,2004,0.823
CZE,2005,0.825
CZE,2006,0.829
CZE,2007,0.83
CZE,2008,0.829
CZE,2009,0.824
CZE,2010,0.813
CZE,2011,0.815
CZE,2012,0.823
CZE,2013,0.791
CZE,2014,0.775
CZE,2015,0.776
CZE,2016,0.773
CZE,2017,0.737
CZE,2018,0.719
CZE,2019,0.712
CZE,2020,0.721
DDR,1990,0.542
DEU,1990,0.858
DEU,1991,0.854
DEU,1992,0.854
DEU,1993,0.854
DEU,1994,0.855
DEU,1995,0.859
DEU,1996,0.859
DEU,1997,0.859
DEU,1998,0.859
DEU,1999,0.859
DEU,2000,0.859
DEU,2001,0.859
DEU,2002,0.859
DEU,2003,0.858
DEU,2004,0.858
DEU,2005,0.861
DEU,2006,0.872
DEU,2007,0.872
DEU,2008,0.872
DEU,2009,0.867
DEU,2010,0.865
DEU,2011,0.869
DEU,2012,0.869
DEU,2013,0.859
DEU,2014,0.852
DEU,2015,0.852
DEU,2016,0.851
DEU,2017,0.847
DEU,2018,0.836
DEU,2019,0.837
DEU,2020,0.827
DJI,1990,0.085
DJI,1991,0.082
DJI,1992,0.106
DJI,1993,0.111
DJI,1994,0.11
DJI,1995,0.11
DJI,1996,0.11
DJI,1997,0.111
DJI,1998,0.115
DJI,1999,0.115
DJI,2000,0.117
DJI,2001,0.118
DJI,2002,0.123
DJI,2003,0.121
DJI,2004,0.122
DJI,2005,0.118
DJI,2006,0.116
DJI,2007,0.116
DJI,2008,0.117
DJI,2009,0.116
DJI,2010,0.115
DJI,2011,0.116
DJI,2012,0.116
DJI,2013,0.115
DJI,2014,0.115
DJI,2015,0.115
DJI,2016,0.116
DJI,2017,0.112
DJI,2018,0.116
DJI,2019,0.121
DJI,2020,0.121
DNK,1990,0.879
DNK,1991,0.88
DNK,1992,0.88
DNK,1993,0.88
DNK,1994,0.88
DNK,1995,0.881
DNK,1996,0.881
DNK,1997,0.881
DNK,1998,0.879
DNK,1999,0.879
DNK,2000,0.879
DNK,2001,0.879
DNK,2002,0.882
DNK,2003,0.882
DNK,2004,0.882
DNK,2005,0.893
DNK,2006,0.895
DNK,2007,0.894
DNK,2008,0.894
DNK,2009,0.894
DNK,2010,0.894
DNK,2011,0.894
DNK,2012,0.897
DNK,2013,0.896
DNK,2014,0.896
DNK,2015,0.895
DNK,2016,0.892
DNK,2017,0.889
DNK,2018,0.889
DNK,2019,0.884
DNK,2020,0.883
DOM,1990,0.247
DOM,1991,0.233
DOM,1992,0.233
DOM,1993,0.229
DOM,1994,0.223
DOM,1995,0.234
DOM,1996,0.287
DOM,1997,0.344
DOM,1998,0.357
DOM,1999,0.363
DOM,2000,0.372
DOM,2001,0.369
DOM,2002,0.362
DOM,2003,0.358
DOM,2004,0.354
DOM,2005,0.357
DOM,2006,0.353
DOM,2007,0.353
DOM,2008,0.351
DOM,2009,0.351
DOM,2010,0.349
DOM,2011,0.338
DOM,2012,0.333
DOM,2013,0.324
DOM,2014,0.322
DOM,2015,0.314
DOM,2016,0.302
DOM,2017,0.291
DOM,2018,0.299
DOM,2019,0.3
DOM,2020,0.411
DZA,1990,0.163
DZA,1991,0.156
DZA,1992,0.083
DZA,1993,0.081
DZA,1994,0.101
DZA,1995,0.112
DZA,1996,0.159
DZA,1997,0.154
DZA,1998,0.151
DZA,1999,0.158
DZA,2000,0.161
DZA,2001,0.161
DZA,2002,0.16
DZA,2003,0.162
DZA,2004,0.164
DZA,2005,0.168
DZA,2006,0.168
DZA,2007,0.166
DZA,2008,0.164
DZA,2009,0.163
DZA,2010,0.162
DZA,2011,0.162
DZA,2012,0.165
DZA,2013,0.168
DZA,2014,0.168
DZA,2015,0.171
DZA,2016,0.163
DZA,2017,0.158
DZA,2018,0.162
DZA,2019,0.148
DZA,2020,0.149
ECU,1990,0.481
ECU,1991,0.482
ECU,1992,0.48
ECU,1993,0.469
ECU,1994,0.461
ECU,1995,0.462
ECU,1996,0.454
ECU,1997,0.46
ECU,1998,0.469
ECU,1999,0.466
ECU,2000,0.458
ECU,2001,0.458
ECU,2002,0.46
ECU,2003,0.464
ECU,2004,0.463
ECU,2005,0.463
ECU,2006,0.463
ECU,2007,0.413
ECU,2008,0.354
ECU,2009,0.337
ECU,2010,0.319
ECU,2011,0.315
ECU,2012,0.316
ECU,2013,0.272
ECU,2014,0.266
ECU,2015,0.267
ECU,2016,0.271
ECU,2017,0.345
ECU,2018,0.471
ECU,2019,0.453
ECU,2020,0.476
EGY,1990,0.167
EGY,1991,0.163
EGY,1992,0.163
EGY,1993,0.164
EGY,1994,0.162
EGY,1995,0.163
EGY,1996,0.163
EGY,1997,0.162
EGY,1998,0.162
EGY,1999,0.162
EGY,2000,0.16
EGY,2001,0.157
EGY,2002,0.157
EGY,2003,0.157
EGY,2004,0.156
EGY,2005,0.157
EGY,2006,0.158
EGY,2007,0.159
EGY,2008,0.159
EGY,2009,0.157
EGY,2010,0.157
EGY,2011,0.125
EGY,2012,0.16
EGY,2013,0.098
EGY,2014,0.086
EGY,2015,0.095
EGY,2016,0.122
EGY,2017,0.115
EGY,2018,0.114
EGY,2019,0.119
EGY,2020,0.121
ERI,1990,0.015
ERI,1991,0.028
ERI,1992,0.04
ERI,1993,0.036
ERI,1994,0.036
ERI,1995,0.036
ERI,1996,0.036
ERI,1997,0.04
ERI,1998,0.033
ERI,1999,0.031
ERI,2000,0.027
ERI,2001,0.017
ERI,2002,0.011
ERI,2003,0.006
ERI,2004,0.006
ERI,2005,0.005
ERI,2006,0.005
ERI,2007,0.005
ERI,2008,0.005
ERI,2009,0.005
ERI,2010,0.005
ERI,2011,0.005
ERI,2012,0.005
ERI,2013,0.006
ERI,2014,0.007
ERI,2015,0.006
ERI,2016,0.006
ERI,2017,0.007
ERI,2018,0.007
ERI,2019,0.009
ERI,2020,0.01
ESP,1990,0.815
ESP,1991,0.815
ESP,1992,0.815
ESP,1993,0.819
ESP,1994,0.818
ESP,1995,0.818
ESP,1996,0.821
ESP,1997,0.821
ESP,1998,0.821
ESP,1999,0.821
ESP,2000,0.816
ESP,2001,0.817
ESP,2002,0.817
ESP,2003,0.799
ESP,2004,0.805
ESP,2005,0.808
ESP,2006,0.81
ESP,2007,0.808
ESP,2008,0.816
ESP,2009,0.818
ESP,2010,0.823
ESP,2011,0.823
ESP,2012,0.802
ESP,2013,0.78
ESP,2014,0.782
ESP,2015,0.766
ESP,2016,0.772
ESP,2017,0.761
ESP,2018,0.779
ESP,2019,0.807
ESP,2020,0.792
EST,1990,0.694
EST,1991,0.526
EST,1992,0.384
EST,1993,0.807
EST,1994,0.794
EST,1995,0.803
EST,1996,0.807
EST,1997,0.808
EST,1998,0.808
EST,1999,0.807
EST,2000,0.808
EST,2001,0.808
EST,2002,0.809
EST,2003,0.808
EST,2004,0.809
EST,2005,0.809
EST,2006,0.81
EST,2007,0.812
EST,2008,0.812
EST,2009,0.814
EST,2010,0.83
EST,2011,0.832
EST,2012,0.832
EST,2013,0.833
EST,2014,0.839
EST,2015,0.846
EST,2016,0.859
EST,2017,0.859
EST,2018,0.861
EST,2019,0.845
EST,2020,0.842
ETH,1990,0.032
ETH,1991,0.078
ETH,1992,0.095
ETH,1993,0.098
ETH,1994,0.085
ETH,1995,0.099
ETH,1996,0.111
ETH,1997,0.111
ETH,1998,0.111
ETH,1999,0.111
ETH,2000,0.11
ETH,2001,0.11
ETH,2002,0.111
ETH,2003,0.111
ETH,2004,0.11
ETH,2005,0.114
ETH,2006,0.111
ETH,2007,0.112
ETH,2008,0.112
ETH,2009,0.112
ETH,2010,0.109
ETH,2011,0.108
ETH,2012,0.107
ETH,2013,0.104
ETH,2014,0.104
ETH,2015,0.102
ETH,2016,0.099
ETH,2017,0.098
ETH,2018,0.132
ETH,2019,0.159
ETH,2020,0.151
FIN,1990,0.817
FIN,1991,0.825
FIN,1992,0.825
FIN,1993,0.831
FIN,1994,0.831
FIN,1995,0.832
FIN,1996,0.832
FIN,1997,0.832
FIN,1998,0.832
FIN,1999,0.835
FIN,2000,0.836
FIN,2001,0.836
FIN,2002,0.836
FIN,2003,0.835
FIN,2004,0.835
FIN,2005,0.835
FIN,2006,0.846
FIN,2007,0.845
FIN,2008,0.845
FIN,2009,0.845
FIN,2010,0.845
FIN,2011,0.844
FIN,2012,0.844
FIN,2013,0.851
FIN,2014,0.851
FIN,2015,0.824
FIN,2016,0.821
FIN,2017,0.829
FIN,2018,0.843
FIN,2019,0.839
FIN,2020,0.838
FJI,1990,0.146
FJI,1991,0.148
FJI,1992,0.278
FJI,1993,0.394
FJI,1994,0.386
FJI,1995,0.385
FJI,1996,0.384
FJI,1997,0.408
FJI,1998,0.408
FJI,1999,0.412
FJI,2000,0.211
FJI,2001,0.188
FJI,2002,0.256
FJI,2003,0.375
FJI,2004,0.375
FJI,2005,0.375
FJI,2006,0.272
FJI,2007,0.111
FJI,2008,0.111
FJI,2009,0.1
FJI,2010,0.106
FJI,2011,0.106
FJI,2012,0.107
FJI,2013,0.115
FJI,2014,0.145
FJI,2015,0.275
FJI,2016,0.28
FJI,2017,0.286
FJI,2018,0.286
FJI,2019,0.27
FJI,2020,0.272
FRA,1990,0.804
FRA,1991,0.804
FRA,1992,0.805
FRA,1993,0.798
FRA,1994,0.803
FRA,1995,0.799
FRA,1996,0.806
FRA,1997,0.804
FRA,1998,0.802
FRA,1999,0.802
FRA,2000,0.802
FRA,2001,0.802
FRA,2002,0.803
FRA,2003,0.804
FRA,2004,0.804
FRA,2005,0.804
FRA,2006,0.804
FRA,2007,0.809
FRA,2008,0.817
FRA,2009,0.817
FRA,2010,0.817
FRA,2011,0.818
FRA,2012,0.822
FRA,2013,0.822
FRA,2014,0.822
FRA,2015,0.822
FRA,2016,0.822
FRA,2017,0.82
FRA,2018,0.805
FRA,2019,0.8
FRA,2020,0.794
GAB,1990,0.156
GAB,1991,0.192
GAB,1992,0.201
GAB,1993,0.202
GAB,1994,0.203
GAB,1995,0.203
GAB,1996,0.204
GAB,1997,0.206
GAB,1998,0.206
GAB,1999,0.207
GAB,2000,0.202
GAB,2001,0.204
GAB,2002,0.204
GAB,2003,0.204
GAB,2004,0.204
GAB,2005,0.204
GAB,2006,0.206
GAB,2007,0.207
GAB,2008,0.207
GAB,2009,0.208
GAB,2010,0.208
GAB,2011,0.208
GAB,2012,0.219
GAB,2013,0.228
GAB,2014,0.228
GAB,2015,0.228
GAB,2016,0.23
GAB,2017,0.236
GAB,2018,0.216
GAB,2019,0.207
GAB,2020,0.202
GBR,1990,0.745
GBR,1991,0.745
GBR,1992,0.744
GBR,1993,0.748
GBR,1994,0.751
GBR,1995,0.751
GBR,1996,0.751
GBR,1997,0.747
GBR,1998,0.75
GBR,1999,0.772
GBR,2000,0.791
GBR,2001,0.797
GBR,2002,0.794
GBR,2003,0.794
GBR,2004,0.794
GBR,2005,0.801
GBR,2006,0.806
GBR,2007,0.806
GBR,2008,0.806
GBR,2009,0.806
GBR,2010,0.803
GBR,2011,0.803
GBR,2012,0.805
GBR,2013,0.799
GBR,2014,0.798
GBR,2015,0.789
GBR,2016,0.788
GBR,2017,0.8
GBR,2018,0.811
GBR,2019,0.79
GBR,2020,0.804
GEO,1990,0.131
GEO,1991,0.139
GEO,1992,0.098
GEO,1993,0.159
GEO,1994,0.165
GEO,1995,0.185
GEO,1996,0.208
GEO,1997,0.208
GEO,1998,0.213
GEO,1999,0.215
GEO,2000,0.207
GEO,2001,0.211
GEO,2002,0.211
GEO,2003,0.222
GEO,2004,0.355
GEO,2005,0.375
GEO,2006,0.378
GEO,2007,0.374
GEO,2008,0.34
GEO,2009,0.334
GEO,2010,0.344
GEO,2011,0.344
GEO,2012,0.356
GEO,2013,0.458
GEO,2014,0.501
GEO,2015,0.512
GEO,2016,0.527
GEO,2017,0.518
GEO,2018,0.534
GEO,2019,0.496
GEO,2020,0.487
GHA,1990,0.096
GHA,1991,0.098
GHA,1992,0.116
GHA,1993,0.333
GHA,1994,0.392
GHA,1995,0.401
GHA,1996,0.43
GHA,1997,0.51
GHA,1998,0.51
GHA,1999,0.511
GHA,2000,0.574
GHA,2001,0.625
GHA,2002,0.63
GHA,2003,0.633
GHA,2004,0.64
GHA,2005,0.633
GHA,2006,0.633
GHA,2007,0.632
GHA,2008,0.635
GHA,2009,0.652
GHA,2010,0.662
GHA,2011,0.662
GHA,2012,0.658
GHA,2013,0.641
GHA,2014,0.631
GHA,2015,0.63
GHA,2016,0.613
GHA,2017,0.631
GHA,2018,0.63
GHA,2019,0.615
GHA,2020,0.612
GIN,1990,0.045
GIN,1991,0.072
GIN,1992,0.076
GIN,1993,0.078
GIN,1994,0.082
GIN,1995,0.101
GIN,1996,0.105
GIN,1997,0.103
GIN,1998,0.104
GIN,1999,0.105
GIN,2000,0.104
GIN,2001,0.105
GIN,2002,0.104
GIN,2003,0.112
GIN,2004,0.11
GIN,2005,0.108
GIN,2006,0.111
GIN,2007,0.117
GIN,2008,0.102
GIN,2009,0.055
GIN,2010,0.092
GIN,2011,0.114
GIN,2012,0.114
GIN,2013,0.114
GIN,2014,0.156
GIN,2015,0.164
GIN,2016,0.166
GIN,2017,0.162
GIN,2018,0.16
GIN,2019,0.145
GIN,2020,0.12
GMB,1990,0.34
GMB,1991,0.34
GMB,1992,0.335
GMB,1993,0.322
GMB,1994,0.141
GMB,1995,0.076
GMB,1996,0.082
GMB,1997,0.128
GMB,1998,0.131
GMB,1999,0.129
GMB,2000,0.125
GMB,2001,0.125
GMB,2002,0.124
GMB,2003,0.121
GMB,2004,0.119
GMB,2005,0.119
GMB,2006,0.117
GMB,2007,0.114
GMB,2008,0.114
GMB,2009,0.114
GMB,2010,0.114
GMB,2011,0.114
GMB,2012,0.114
GMB,2013,0.107
GMB,2014,0.107
GMB,2015,0.107
GMB,2016,0.109
GMB,2017,0.396
GMB,2018,0.424
GMB,2019,0.422
GMB,2020,0.411
GNB,1990,0.051
GNB,1991,0.051
GNB,1992,0.059
GNB,1993,0.084
GNB,1994,0.148
GNB,1995,0.215
GNB,1996,0.215
GNB,1997,0.212
GNB,1998,0.21
GNB,1999,0.211
GNB,2000,0.245
GNB,2001,0.253
GNB,2002,0.256
GNB,2003,0.218
GNB,2004,0.229
GNB,2005,0.278
GNB,2006,0.279
GNB,2007,0.278
GNB,2008,0.241
GNB,2009,0.275
GNB,2010,0.275
GNB,2011,0.273
GNB,2012,0.181
GNB,2013,0.209
GNB,2014,0.283
GNB,2015,0.307
GNB,2016,0.305
GNB,2017,0.31
GNB,2018,0.32
GNB,2019,0.334
GNB,2020,0.341
GNQ,1990,0.053
GNQ,1991,0.053
GNQ,1992,0.052
GNQ,1993,0.053
GNQ,1994,0.054
GNQ,1995,0.057
GNQ,1996,0.057
GNQ,1997,0.055
GNQ,1998,0.055
GNQ,1999,0.056
GNQ,2000,0.056
GNQ,2001,0.056
GNQ,2002,0.057
GNQ,2003,0.057
GNQ,2004,0.057
GNQ,2005,0.056
GNQ,2006,0.056
GNQ,2007,0.056
GNQ,2008,0.057
GNQ,2009,0.056
GNQ,2010,0.053
GNQ,2011,0.053
GNQ,2012,0.053
GNQ,2013,0.056
GNQ,2014,0.056
GNQ,2015,0.054
GNQ,2016,0.054
GNQ,2017,0.053
GNQ,2018,0.056
GNQ,2019,0.056
GNQ,2020,0.053
GRC,1990,0.795
GRC,1991,0.795
GRC,1992,0.797
GRC,1993,0.798
GRC,1994,0.798
GRC,1995,0.8
GRC,1996,0.802
GRC,1997,0.802
GRC,1998,0.802
GRC,1999,0.802
GRC,2000,0.8
GRC,2001,0.808
GRC,2002,0.808
GRC,2003,0.808
GRC,2004,0.809
GRC,2005,0.809
GRC,2006,0.809
GRC,2007,0.808
GRC,2008,0.813
GRC,2009,0.814
GRC,2010,0.819
GRC,2011,0.82
GRC,2012,0.814
GRC,2013,0.802
GRC,2014,0.807
GRC,2015,0.787
GRC,2016,0.784
GRC,2017,0.781
GRC,2018,0.775
GRC,2019,0.77
GRC,2020,0.693
GTM,1990,0.211
GTM,1991,0.214
GTM,1992,0.214
GTM,1993,0.219
GTM,1994,0.234
GTM,1995,0.246
GTM,1996,0.266
GTM,1997,0.292
GTM,1998,0.292
GTM,1999,0.295
GTM,2000,0.369
GTM,2001,0.369
GTM,2002,0.37
GTM,2003,0.371
GTM,2004,0.385
GTM,2005,0.385
GTM,2006,0.383
GTM,2007,0.396
GTM,2008,0.403
GTM,2009,0.407
GTM,2010,0.408
GTM,2011,0.404
GTM,2012,0.396
GTM,2013,0.415
GTM,2014,0.423
GTM,2015,0.439
GTM,2016,0.458
GTM,2017,0.457
GTM,2018,0.422
GTM,2019,0.425
GTM,2020,0.414
GUY,1990,0.22
GUY,1991,0.218
GUY,1992,0.264
GUY,1993,0.306
GUY,1994,0.309
GUY,1995,0.309
GUY,1996,0.309
GUY,1997,0.313
GUY,1998,0.353
GUY,1999,0.352
GUY,2000,0.348
GUY,2001,0.359
GUY,2002,0.367
GUY,2003,0.381
GUY,2004,0.381
GUY,2005,0.381
GUY,2006,0.376
GUY,2007,0.377
GUY,2008,0.375
GUY,2009,0.376
GUY,2010,0.374
GUY,2011,0.376
GUY,2012,0.381
GUY,2013,0.393
GUY,2014,0.398
GUY,2015,0.454
GUY,2016,0.466
GUY,2017,0.468
GUY,2018,0.459
GUY,2019,0.443
GUY,2020,0.401
HKG,1990,0.252
HKG,1991,0.275
HKG,1992,0.317
HKG,1993,0.317
HKG,1994,0.317
HKG,1995,0.32
HKG,1996,0.32
HKG,1997,0.322
HKG,1998,0.324
HKG,1999,0.323
HKG,2000,0.323
HKG,2001,0.323
HKG,2002,0.323
HKG,2003,0.323
HKG,2004,0.323
HKG,2005,0.322
HKG,2006,0.322
HKG,2007,0.321
HKG,2008,0.321
HKG,2009,0.323
HKG,2010,0.322
HKG,2011,0.322
HKG,2012,0.318
HKG,2013,0.312
HKG,2014,0.31
HKG,2015,0.301
HKG,2016,0.293
HKG,2017,0.287
HKG,2018,0.277
HKG,2019,0.266
HKG,2020,0.208
HND,1990,0.263
HND,1991,0.269
HND,1992,0.272
HND,1993,0.268
HND,1994,0.292
HND,1995,0.307
HND,1996,0.311
HND,1997,0.312
HND,1998,0.315
HND,1999,0.322
HND,2000,0.334
HND,2001,0.336
HND,2002,0.331
HND,2003,0.338
HND,2004,0.338
HND,2005,0.335
HND,2006,0.316
HND,2007,0.317
HND,2008,0.322
HND,2009,0.283
HND,2010,0.243
HND,2011,0.254
HND,2012,0.244
HND,2013,0.259
HND,2014,0.274
HND,2015,0.247
HND,2016,0.259
HND,2017,0.249
HND,2018,0.238
HND,2019,0.234
HND,2020,0.237
HRV,1991,0.158
HRV,1992,0.178
HRV,1993,0.209
HRV,1994,0.213
HRV,1995,0.214
HRV,1996,0.242
HRV,1997,0.258
HRV,1998,0.262
HRV,1999,0.273
HRV,2000,0.623
HRV,2001,0.631
HRV,2002,0.629
HRV,2003,0.632
HRV,2004,0.607
HRV,2005,0.635
HRV,2006,0.635
HRV,2007,0.643
HRV,2008,0.641
HRV,2009,0.655
HRV,2010,0.733
HRV,2011,0.744
HRV,2012,0.745
HRV,2013,0.714
HRV,2014,0.71
HRV,2015,0.702
HRV,2016,0.652
HRV,2017,0.623
HRV,2018,0.619
HRV,2019,0.623
HRV,2020,0.656
HTI,1990,0.074
HTI,1991,0.161
HTI,1992,0.076
HTI,1993,0.082
HTI,1994,0.1
HTI,1995,0.232
HTI,1996,0.269
HTI,1997,0.277
HTI,1998,0.28
HTI,1999,0.27
HTI,2000,0.271
HTI,2001,0.258
HTI,2002,0.255
HTI,2003,0.25
HTI,2004,0.101
HTI,2005,0.088
HTI,2006,0.198
HTI,2007,0.292
HTI,2008,0.291
HTI,2009,0.284
HTI,2010,0.265
HTI,2011,0.254
HTI,2012,0.259
HTI,2013,0.252
HTI,2014,0.252
HTI,2015,0.231
HTI,2016,0.243
HTI,2017,0.239
HTI,2018,0.243
HTI,2019,0.233
HTI,2020,0.22
HUN,1990,0.716
HUN,1991,0.756
HUN,1992,0.756
HUN,1993,0.756
HUN,1994,0.758
HUN,1995,0.76
HUN,1996,0.76
HUN,1997,0.759
HUN,1998,0.758
HUN,1999,0.756
HUN,2000,0.756
HUN,2001,0.756
HUN,2002,0.761
HUN,2003,0.766
HUN,2004,0.766
HUN,2005,0.761
HUN,2006,0.745
HUN,2007,0.768
HUN,2008,0.768
HUN,2009,0.769
HUN,2010,0.675
HUN,2011,0.641
HUN,2012,0.619
HUN,2013,0.574
HUN,2014,0.521
HUN,2015,0.485
HUN,2016,0.474
HUN,2017,0.439
HUN,2018,0.376
HUN,2019,0.368
HUN,2020,0.356
IDN,1990,0.058
IDN,1991,0.058
IDN,1992,0.052
IDN,1993,0.052
IDN,1994,0.052
IDN,1995,0.052
IDN,1996,0.052
IDN,1997,0.054
IDN,1998,0.119
IDN,1999,0.424
IDN,2000,0.515
IDN,2001,0.515
IDN,2002,0.521
IDN,2003,0.524
IDN,2004,0.534
IDN,2005,0.538
IDN,2006,0.542
IDN,2007,0.545
IDN,2008,0.546
IDN,2009,0.533
IDN,2010,0.548
IDN,2011,0.546
IDN,2012,0.545
IDN,2013,0.53
IDN,2014,0.521
IDN,2015,0.513
IDN,2016,0.502
IDN,2017,0.487
IDN,2018,0.465
IDN,2019,0.462
IDN,2020,0.416
IND,1990,0.539
IND,1991,0.558
IND,1992,0.569
IND,1993,0.57
IND,1994,0.575
IND,1995,0.575
IND,1996,0.588
IND,1997,0.592
IND,1998,0.593
IND,1999,0.585
IND,2000,0.577
IND,2001,0.577
IND,2002,0.578
IND,2003,0.582
IND,2004,0.577
IND,2005,0.576
IND,2006,0.57
IND,2007,0.57
IND,2008,0.57
IND,2009,0.541
IND,2010,0.542
IND,2011,0.541
IND,2012,0.539
IND,2013,0.529
IND,2014,0.494
IND,2015,0.429
IND,2016,0.409
IND,2017,0.37
IND,2018,0.364
IND,2019,0.325
IND,2020,0.294
IRL,1990,0.762
IRL,1991,0.784
IRL,1992,0.79
IRL,1993,0.789
IRL,1994,0.789
IRL,1995,0.789
IRL,1996,0.794
IRL,1997,0.807
IRL,1998,0.811
IRL,1999,0.811
IRL,2000,0.816
IRL,2001,0.816
IRL,2002,0.816
IRL,2003,0.816
IRL,2004,0.816
IRL,2005,0.816
IRL,2006,0.816
IRL,2007,0.822
IRL,2008,0.827
IRL,2009,0.827
IRL,2010,0.827
IRL,2011,0.825
IRL,2012,0.826
IRL,2013,0.83
IRL,2014,0.83
IRL,2015,0.83
IRL,2016,0.823
IRL,2017,0.826
IRL,2018,0.828
IRL,2019,0.825
IRL,2020,0.826
IRN,1990,0.111
IRN,1991,0.111
IRN,1992,0.109
IRN,1993,0.115
IRN,1994,0.118
IRN,1995,0.118
IRN,1996,0.12
IRN,1997,0.146
IRN,1998,0.158
IRN,1999,0.159
IRN,2000,0.163
IRN,2001,0.15
IRN,2002,0.149
IRN,2003,0.149
IRN,2004,0.138
IRN,2005,0.126
IRN,2006,0.12
IRN,2007,0.12
IRN,2008,0.118
IRN,2009,0.115
IRN,2010,0.109
IRN,2011,0.11
IRN,2012,0.113
IRN,2013,0.124
IRN,2014,0.126
IRN,2015,0.13
IRN,2016,0.132
IRN,2017,0.128
IRN,2018,0.127
IRN,2019,0.123
IRN,2020,0.115
IRQ,1990,0.061
IRQ,1991,0.058
IRQ,1992,0.058
IRQ,1993,0.059
IRQ,1994,0.059
IRQ,1995,0.059
IRQ,1996,0.059
IRQ,1997,0.068
IRQ,1998,0.068
IRQ,1999,0.068
IRQ,2000,0.067
IRQ,2001,0.068
IRQ,2002,0.094
IRQ,2003,0.118
IRQ,2004,0.11
IRQ,2005,0.109
IRQ,2006,0.238
IRQ,2007,0.264
IRQ,2008,0.264
IRQ,2009,0.262
IRQ,2010,0.257
IRQ,2011,0.255
IRQ,2012,0.254
IRQ,2013,0.239
IRQ,2014,0.24
IRQ,2015,0.238
IRQ,2016,0.247
IRQ,2017,0.236
IRQ,2018,0.242
IRQ,2019,0.229
IRQ,2020,0.21
ISL,1990,0.776
ISL,1991,0.775
ISL,1992,0.775
ISL,1993,0.775
ISL,1994,0.774
ISL,1995,0.78
ISL,1996,0.784
ISL,1997,0.78
ISL,1998,0.78
ISL,1999,0.782
ISL,2000,0.782
ISL,2001,0.782
ISL,2002,0.782
ISL,2003,0.783
ISL,2004,0.783
ISL,2005,0.779
ISL,2006,0.779
ISL,2007,0.789
ISL,2008,0.798
ISL,2009,0.8
ISL,2010,0.799
ISL,2011,0.799
ISL,2012,0.795
ISL,2013,0.782
ISL,2014,0.781
ISL,2015,0.785
ISL,2016,0.78
ISL,2017,0.783
ISL,2018,0.798
ISL,2019,0.779
ISL,2020,0.777
ISR,1990,0.695
ISR,1991,0.697
ISR,1992,0.692
ISR,1993,0.694
ISR,1994,0.699
ISR,1995,0.699
ISR,1996,0.698
ISR,1997,0.698
ISR,1998,0.698
ISR,1999,0.698
ISR,2000,0.701
ISR,2001,0.691
ISR,2002,0.691
ISR,2003,0.687
ISR,2004,0.687
ISR,2005,0.687
ISR,2006,0.692
ISR,2007,0.69
ISR,2008,0.69
ISR,2009,0.689
ISR,2010,0.675
ISR,2011,0.675
ISR,2012,0.675
ISR,2013,0.662
ISR,2014,0.662
ISR,2015,0.659
ISR,2016,0.652
ISR,2017,0.638
ISR,2018,0.627
ISR,2019,0.627
ISR,2020,0.645
ITA,1990,0.735
ITA,1991,0.739
ITA,1992,0.75
ITA,1993,0.755
ITA,1994,0.75
ITA,1995,0.751
ITA,1996,0.755
ITA,1997,0.763
ITA,1998,0.763
ITA,1999,0.763
ITA,2000,0.759
ITA,2001,0.75
ITA,2002,0.755
ITA,2003,0.757
ITA,2004,0.757
ITA,2005,0.762
ITA,2006,0.779
ITA,2007,0.787
ITA,2008,0.771
ITA,2009,0.769
ITA,2010,0.77
ITA,2011,0.783
ITA,2012,0.793
ITA,2013,0.783
ITA,2014,0.783
ITA,2015,0.783
ITA,2016,0.792
ITA,2017,0.793
ITA,2018,0.79
ITA,2019,0.781
ITA,2020,0.774
JAM,1990,0.453
JAM,1991,0.453
JAM,1992,0.454
JAM,1993,0.478
JAM,1994,0.487
JAM,1995,0.49
JAM,1996,0.491
JAM,1997,0.5
JAM,1998,0.525
JAM,1999,0.525
JAM,2000,0.561
JAM,2001,0.561
JAM,2002,0.577
JAM,2003,0.619
JAM,2004,0.619
JAM,2005,0.635
JAM,2006,0.638
JAM,2007,0.65
JAM,2008,0.659
JAM,2009,0.659
JAM,2010,0.664
JAM,2011,0.658
JAM,2012,0.669
JAM,2013,0.681
JAM,2014,0.681
JAM,2015,0.681
JAM,2016,0.688
JAM,2017,0.704
JAM,2018,0.692
JAM,2019,0.706
JAM,2020,0.702
JOR,1990,0.197
JOR,1991,0.197
JOR,1992,0.196
JOR,1993,0.198
JOR,1994,0.196
JOR,1995,0.196
JOR,1996,0.196
JOR,1997,0.195
JOR,1998,0.195
JOR,1999,0.195
JOR,2000,0.133
JOR,2001,0.132
JOR,2002,0.132
JOR,2003,0.154
JOR,2004,0.204
JOR,2005,0.206
JOR,2006,0.207
JOR,2007,0.207
JOR,2008,0.208
JOR,2009,0.209
JOR,2010,0.211
JOR,2011,0.216
JOR,2012,0.219
JOR,2013,0.222
JOR,2014,0.221
JOR,2015,0.222
JOR,2016,0.195
JOR,2017,0.235
JOR,2018,0.242
JOR,2019,0.239
JOR,2020,0.241
JPN,1990,0.759
JPN,1991,0.76
JPN,1992,0.76
JPN,1993,0.761
JPN,1994,0.764
JPN,1995,0.764
JPN,1996,0.763
JPN,1997,0.758
JPN,1998,0.758
JPN,1999,0.758
JPN,2000,0.762
JPN,2001,0.765
JPN,2002,0.765
JPN,2003,0.765
JPN,2004,0.765
JPN,2005,0.768
JPN,2006,0.776
JPN,2007,0.776
JPN,2008,0.773
JPN,2009,0.775
JPN,2010,0.773
JPN,2011,0.773
JPN,2012,0.77
JPN,2013,0.745
JPN,2014,0.743
JPN,2015,0.742
JPN,2016,0.742
JPN,2017,0.74
JPN,2018,0.758
JPN,2019,0.755
JPN,2020,0.746
KAZ,1990,NA
KAZ,1991,0.166
KAZ,1992,0.168
KAZ,1993,0.175
KAZ,1994,0.169
KAZ,1995,0.151
KAZ,1996,0.137
KAZ,1997,0.141
KAZ,1998,0.139
KAZ,1999,0.132
KAZ,2000,0.131
KAZ,2001,0.127
KAZ,2002,0.126
KAZ,2003,0.121
KAZ,2004,0.123
KAZ,2005,0.121
KAZ,2006,0.124
KAZ,2007,0.125
KAZ,2008,0.125
KAZ,2009,0.125
KAZ,2010,0.124
KAZ,2011,0.121
KAZ,2012,0.114
KAZ,2013,0.113
KAZ,2014,0.112
KAZ,2015,0.113
KAZ,2016,0.117
KAZ,2017,0.113
KAZ,2018,0.111
KAZ,2019,0.114
KAZ,2020,0.118
KEN,1990,0.126
KEN,1991,0.133
KEN,1992,0.184
KEN,1993,0.207
KEN,1994,0.209
KEN,1995,0.21
KEN,1996,0.21
KEN,1997,0.21
KEN,1998,0.222
KEN,1999,0.222
KEN,2000,0.253
KEN,2001,0.252
KEN,2002,0.288
KEN,2003,0.354
KEN,2004,0.354
KEN,2005,0.358
KEN,2006,0.357
KEN,2007,0.354
KEN,2008,0.303
KEN,2009,0.303
KEN,2010,0.357
KEN,2011,0.359
KEN,2012,0.358
KEN,2013,0.41
KEN,2014,0.421
KEN,2015,0.421
KEN,2016,0.422
KEN,2017,0.407
KEN,2018,0.392
KEN,2019,0.395
KEN,2020,0.4
KGZ,1990,0.141
KGZ,1991,0.166
KGZ,1992,0.204
KGZ,1993,0.199
KGZ,1994,0.187
KGZ,1995,0.175
KGZ,1996,0.17
KGZ,1997,0.165
KGZ,1998,0.17
KGZ,1999,0.168
KGZ,2000,0.165
KGZ,2001,0.164
KGZ,2002,0.161
KGZ,2003,0.159
KGZ,2004,0.159
KGZ,2005,0.178
KGZ,2006,0.186
KGZ,2007,0.173
KGZ,2008,0.161
KGZ,2009,0.157
KGZ,2010,0.251
KGZ,2011,0.332
KGZ,2012,0.322
KGZ,2013,0.314
KGZ,2014,0.313
KGZ,2015,0.314
KGZ,2016,0.308
KGZ,2017,0.309
KGZ,2018,0.336
KGZ,2019,0.321
KGZ,2020,0.257
KHM,1990,0.027
KHM,1991,0.028
KHM,1992,0.041
KHM,1993,0.101
KHM,1994,0.137
KHM,1995,0.139
KHM,1996,0.139
KHM,1997,0.136
KHM,1998,0.13
KHM,1999,0.126
KHM,2000,0.125
KHM,2001,0.126
KHM,2002,0.124
KHM,2003,0.125
KHM,2004,0.125
KHM,2005,0.122
KHM,2006,0.122
KHM,2007,0.122
KHM,2008,0.121
KHM,2009,0.12
KHM,2010,0.119
KHM,2011,0.119
KHM,2012,0.119
KHM,2013,0.113
KHM,2014,0.114
KHM,2015,0.114
KHM,2016,0.102
KHM,2017,0.079
KHM,2018,0.072
KHM,2019,0.065
KHM,2020,0.065
KOR,1990,0.503
KOR,1991,0.503
KOR,1992,0.519
KOR,1993,0.614
KOR,1994,0.621
KOR,1995,0.621
KOR,1996,0.627
KOR,1997,0.642
KOR,1998,0.742
KOR,1999,0.752
KOR,2000,0.762
KOR,2001,0.765
KOR,2002,0.769
KOR,2003,0.772
KOR,2004,0.77
KOR,2005,0.769
KOR,2006,0.769
KOR,2007,0.766
KOR,2008,0.671
KOR,2009,0.668
KOR,2010,0.67
KOR,2011,0.67
KOR,2012,0.654
KOR,2013,0.613
KOR,2014,0.605
KOR,2015,0.608
KOR,2016,0.626
KOR,2017,0.798
KOR,2018,0.799
KOR,2019,0.783
KOR,2020,0.79
KWT,1990,0.114
KWT,1991,0.118
KWT,1992,0.24
KWT,1993,0.274
KWT,1994,0.274
KWT,1995,0.274
KWT,1996,0.274
KWT,1997,0.275
KWT,1998,0.276
KWT,1999,0.275
KWT,2000,0.274
KWT,2001,0.266
KWT,2002,0.271
KWT,2003,0.273
KWT,2004,0.273
KWT,2005,0.293
KWT,2006,0.293
KWT,2007,0.292
KWT,2008,0.292
KWT,2009,0.293
KWT,2010,0.295
KWT,2011,0.295
KWT,2012,0.288
KWT,2013,0.288
KWT,2014,0.29
KWT,2015,0.287
KWT,2016,0.289
KWT,2017,0.297
KWT,2018,0.293
KWT,2019,0.296
KWT,2020,0.291
LAO,1990,0.082
LAO,1991,0.075
LAO,1992,0.071
LAO,1993,0.076
LAO,1994,0.076
LAO,1995,0.076
LAO,1996,0.077
LAO,1997,0.077
LAO,1998,0.077
LAO,1999,0.077
LAO,2000,0.077
LAO,2001,0.077
LAO,2002,0.078
LAO,2003,0.078
LAO,2004,0.078
LAO,2005,0.078
LAO,2006,0.078
LAO,2007,0.078
LAO,2008,0.078
LAO,2009,0.078
LAO,2010,0.078
LAO,2011,0.078
LAO,2012,0.078
LAO,2013,0.079
LAO,2014,0.078
LAO,2015,0.078
LAO,2016,0.079
LAO,2017,0.088
LAO,2018,0.086
LAO,2019,0.101
LAO,2020,0.084
LBN,1990,0.201
LBN,1991,0.2
LBN,1992,0.2
LBN,1993,0.196
LBN,1994,0.194
LBN,1995,0.194
LBN,1996,0.194
LBN,1997,0.194
LBN,1998,0.194
LBN,1999,0.194
LBN,2000,0.199
LBN,2001,0.211
LBN,2002,0.21
LBN,2003,0.21
LBN,2004,0.212
LBN,2005,0.233
LBN,2006,0.26
LBN,2007,0.26
LBN,2008,0.259
LBN,2009,0.275
LBN,2010,0.278
LBN,2011,0.288
LBN,2012,0.293
LBN,2013,0.308
LBN,2014,0.308
LBN,2015,0.298
LBN,2016,0.298
LBN,2017,0.3
LBN,2018,0.284
LBN,2019,0.275
LBN,2020,0.274
LBR,1990,0.064
LBR,1991,0.178
LBR,1992,0.18
LBR,1993,0.181
LBR,1994,0.161
LBR,1995,0.146
LBR,1996,0.119
LBR,1997,0.128
LBR,1998,0.16
LBR,1999,0.159
LBR,2000,0.16
LBR,2001,0.161
LBR,2002,0.159
LBR,2003,0.15
LBR,2004,0.245
LBR,2005,0.268
LBR,2006,0.496
LBR,2007,0.504
LBR,2008,0.504
LBR,2009,0.505
LBR,2010,0.493
LBR,2011,0.491
LBR,2012,0.482
LBR,2013,0.455
LBR,2014,0.455
LBR,2015,0.452
LBR,2016,0.455
LBR,2017,0.462
LBR,2018,0.431
LBR,2019,0.412
LBR,2020,0.428
LBY,1990,0.048
LBY,1991,0.048
LBY,1992,0.048
LBY,1993,0.048
LBY,1994,0.048
LBY,1995,0.047
LBY,1996,0.047
LBY,1997,0.047
LBY,1998,0.047
LBY,1999,0.047
LBY,2000,0.047
LBY,2001,0.047
LBY,2002,0.047
LBY,2003,0.043
LBY,2004,0.043
LBY,2005,0.043
LBY,2006,0.043
LBY,2007,0.043
LBY,2008,0.043
LBY,2009,0.043
LBY,2010,0.044
LBY,2011,0.061
LBY,2012,0.209
LBY,2013,0.3
LBY,2014,0.174
LBY,2015,0.173
LBY,2016,0.172
LBY,2017,0.167
LBY,2018,0.152
LBY,2019,0.148
LBY,2020,0.145
LKA,1990,0.272
LKA,1991,0.272
LKA,1992,0.28
LKA,1993,0.284
LKA,1994,0.318
LKA,1995,0.352
LKA,1996,0.352
LKA,1997,0.352
LKA,1998,0.343
LKA,1999,0.343
LKA,2000,0.321
LKA,2001,0.324
LKA,2002,0.341
LKA,2003,0.341
LKA,2004,0.332
LKA,2005,0.279
LKA,2006,0.247
LKA,2007,0.243
LKA,2008,0.238
LKA,2009,0.235
LKA,2010,0.245
LKA,2011,0.245
LKA,2012,0.25
LKA,2013,0.271
LKA,2014,0.27
LKA,2015,0.401
LKA,2016,0.45
LKA,2017,0.444
LKA,2018,0.482
LKA,2019,0.434
LKA,2020,0.37
LSO,1990,0.177
LSO,1991,0.151
LSO,1992,0.154
LSO,1993,0.364
LSO,1994,0.337
LSO,1995,0.255
LSO,1996,0.259
LSO,1997,0.259
LSO,1998,0.288
LSO,1999,0.261
LSO,2000,0.261
LSO,2001,0.261
LSO,2002,0.38
LSO,2003,0.455
LSO,2004,0.453
LSO,2005,0.455
LSO,2006,0.456
LSO,2007,0.423
LSO,2008,0.42
LSO,2009,0.419
LSO,2010,0.431
LSO,2011,0.439
LSO,2012,0.457
LSO,2013,0.484
LSO,2014,0.484
LSO,2015,0.449
LSO,2016,0.427
LSO,2017,0.372
LSO,2018,0.436
LSO,2019,0.489
LSO,2020,0.505
LTU,1990,0.728
LTU,1991,0.715
LTU,1992,0.734
LTU,1993,0.743
LTU,1994,0.76
LTU,1995,0.76
LTU,1996,0.758
LTU,1997,0.764
LTU,1998,0.757
LTU,1999,0.757
LTU,2000,0.76
LTU,2001,0.761
LTU,2002,0.761
LTU,2003,0.756
LTU,2004,0.763
LTU,2005,0.765
LTU,2006,0.764
LTU,2007,0.765
LTU,2008,0.767
LTU,2009,0.788
LTU,2010,0.793
LTU,2011,0.79
LTU,2012,0.784
LTU,2013,0.774
LTU,2014,0.775
LTU,2015,0.782
LTU,2016,0.769
LTU,2017,0.75
LTU,2018,0.754
LTU,2019,0.755
LTU,2020,0.755
LUX,1990,0.793
LUX,1991,0.793
LUX,1992,0.793
LUX,1993,0.793
LUX,1994,0.792
LUX,1995,0.791
LUX,1996,0.791
LUX,1997,0.791
LUX,1998,0.791
LUX,1999,0.792
LUX,2000,0.793
LUX,2001,0.793
LUX,2002,0.793
LUX,2003,0.793
LUX,2004,0.791
LUX,2005,0.789
LUX,2006,0.789
LUX,2007,0.789
LUX,2008,0.789
LUX,2009,0.794
LUX,2010,0.798
LUX,2011,0.798
LUX,2012,0.798
LUX,2013,0.797
LUX,2014,0.795
LUX,2015,0.795
LUX,2016,0.795
LUX,2017,0.795
LUX,2018,0.797
LUX,2019,0.798
LUX,2020,0.791
LVA,1990,0.448
LVA,1991,0.495
LVA,1992,0.567
LVA,1993,0.632
LVA,1994,0.68
LVA,1995,0.678
LVA,1996,0.682
LVA,1997,0.698
LVA,1998,0.697
LVA,1999,0.701
LVA,2000,0.704
LVA,2001,0.704
LVA,2002,0.709
LVA,2003,0.715
LVA,2004,0.717
LVA,2005,0.712
LVA,2006,0.706
LVA,2007,0.69
LVA,2008,0.689
LVA,2009,0.696
LVA,2010,0.704
LVA,2011,0.728
LVA,2012,0.733
LVA,2013,0.753
LVA,2014,0.758
LVA,2015,0.764
LVA,2016,0.755
LVA,2017,0.75
LVA,2018,0.752
LVA,2019,0.749
LVA,2020,0.745
MAR,1990,0.169
MAR,1991,0.178
MAR,1992,0.179
MAR,1993,0.185
MAR,1994,0.187
MAR,1995,0.187
MAR,1996,0.195
MAR,1997,0.194
MAR,1998,0.197
MAR,1999,0.198
MAR,2000,0.215
MAR,2001,0.222
MAR,2002,0.223
MAR,2003,0.222
MAR,2004,0.222
MAR,2005,0.228
MAR,2006,0.227
MAR,2007,0.228
MAR,2008,0.228
MAR,2009,0.227
MAR,2010,0.232
MAR,2011,0.235
MAR,2012,0.236
MAR,2013,0.231
MAR,2014,0.232
MAR,2015,0.231
MAR,2016,0.233
MAR,2017,0.241
MAR,2018,0.242
MAR,2019,0.24
MAR,2020,0.232
MDA,1990,0.302
MDA,1991,0.328
MDA,1992,0.37
MDA,1993,0.377
MDA,1994,0.414
MDA,1995,0.414
MDA,1996,0.414
MDA,1997,0.415
MDA,1998,0.436
MDA,1999,0.453
MDA,2000,0.441
MDA,2001,0.354
MDA,2002,0.381
MDA,2003,0.381
MDA,2004,0.384
MDA,2005,0.35
MDA,2006,0.345
MDA,2007,0.346
MDA,2008,0.344
MDA,2009,0.359
MDA,2010,0.507
MDA,2011,0.562
MDA,2012,0.555
MDA,2013,0.527
MDA,2014,0.511
MDA,2015,0.472
MDA,2016,0.432
MDA,2017,0.4
MDA,2018,0.391
MDA,2019,0.443
MDA,2020,0.524
MDG,1990,0.111
MDG,1991,0.145
MDG,1992,0.147
MDG,1993,0.25
MDG,1994,0.369
MDG,1995,0.358
MDG,1996,0.351
MDG,1997,0.281
MDG,1998,0.274
MDG,1999,0.277
MDG,2000,0.281
MDG,2001,0.28
MDG,2002,0.233
MDG,2003,0.258
MDG,2004,0.261
MDG,2005,0.261
MDG,2006,0.257
MDG,2007,0.266
MDG,2008,0.27
MDG,2009,0.106
MDG,2010,0.082
MDG,2011,0.103
MDG,2012,0.103
MDG,2013,0.128
MDG,2014,0.223
MDG,2015,0.251
MDG,2016,0.251
MDG,2017,0.252
MDG,2018,0.284
MDG,2019,0.258
MDG,2020,0.256
MDV,1990,0.058
MDV,1991,0.057
MDV,1992,0.057
MDV,1993,0.057
MDV,1994,0.057
MDV,1995,0.057
MDV,1996,0.057
MDV,1997,0.057
MDV,1998,0.057
MDV,1999,0.057
MDV,2000,0.057
MDV,2001,0.057
MDV,2002,0.055
MDV,2003,0.057
MDV,2004,0.062
MDV,2005,0.116
MDV,2006,0.127
MDV,2007,0.13
MDV,2008,0.247
MDV,2009,0.407
MDV,2010,0.4
MDV,2011,0.403
MDV,2012,0.338
MDV,2013,0.239
MDV,2014,0.213
MDV,2015,0.191
MDV,2016,0.185
MDV,2017,0.179
MDV,2018,0.197
MDV,2019,0.412
MDV,2020,0.433
MEX,1990,0.191
MEX,1991,0.202
MEX,1992,0.216
MEX,1993,0.221
MEX,1994,0.261
MEX,1995,0.278
MEX,1996,0.291
MEX,1997,0.349
MEX,1998,0.377
MEX,1999,0.383
MEX,2000,0.488
MEX,2001,0.492
MEX,2002,0.498
MEX,2003,0.504
MEX,2004,0.51
MEX,2005,0.51
MEX,2006,0.48
MEX,2007,0.458
MEX,2008,0.459
MEX,2009,0.464
MEX,2010,0.467
MEX,2011,0.467
MEX,2012,0.461
MEX,2013,0.422
MEX,2014,0.423
MEX,2015,0.43
MEX,2016,0.431
MEX,2017,0.443
MEX,2018,0.45
MEX,2019,0.434
MEX,2020,0.407
MKD,1991,0.254
MKD,1992,0.255
MKD,1993,0.257
MKD,1994,0.279
MKD,1995,0.35
MKD,1996,0.359
MKD,1997,0.365
MKD,1998,0.389
MKD,1999,0.425
MKD,2000,0.344
MKD,2001,0.33
MKD,2002,0.398
MKD,2003,0.464
MKD,2004,0.463
MKD,2005,0.455
MKD,2006,0.453
MKD,2007,0.439
MKD,2008,0.41
MKD,2009,0.382
MKD,2010,0.372
MKD,2011,0.341
MKD,2012,0.316
MKD,2013,0.286
MKD,2014,0.276
MKD,2015,0.268
MKD,2016,0.277
MKD,2017,0.385
MKD,2018,0.391
MKD,2019,0.416
MKD,2020,0.405
MLI,1990,0.145
MLI,1991,0.153
MLI,1992,0.344
MLI,1993,0.422
MLI,1994,0.422
MLI,1995,0.422
MLI,1996,0.422
MLI,1997,0.391
MLI,1998,0.367
MLI,1999,0.367
MLI,2000,0.369
MLI,2001,0.369
MLI,2002,0.403
MLI,2003,0.42
MLI,2004,0.42
MLI,2005,0.42
MLI,2006,0.42
MLI,2007,0.412
MLI,2008,0.41
MLI,2009,0.41
MLI,2010,0.404
MLI,2011,0.405
MLI,2012,0.232
MLI,2013,0.194
MLI,2014,0.327
MLI,2015,0.35
MLI,2016,0.35
MLI,2017,0.327
MLI,2018,0.308
MLI,2019,0.32
MLI,2020,0.234
MLT,1990,0.559
MLT,1991,0.57
MLT,1992,0.595
MLT,1993,0.599
MLT,1994,0.599
MLT,1995,0.599
MLT,1996,0.613
MLT,1997,0.612
MLT,1998,0.611
MLT,1999,0.609
MLT,2000,0.609
MLT,2001,0.609
MLT,2002,0.609
MLT,2003,0.611
MLT,2004,0.612
MLT,2005,0.612
MLT,2006,0.612
MLT,2007,0.609
MLT,2008,0.624
MLT,2009,0.636
MLT,2010,0.638
MLT,2011,0.638
MLT,2012,0.635
MLT,2013,0.61
MLT,2014,0.594
MLT,2015,0.59
MLT,2016,0.585
MLT,2017,0.567
MLT,2018,0.56
MLT,2019,0.58
MLT,2020,0.626
MMR,1990,0.019
MMR,1991,0.017
MMR,1992,0.017
MMR,1993,0.017
MMR,1994,0.017
MMR,1995,0.017
MMR,1996,0.017
MMR,1997,0.017
MMR,1998,0.017
MMR,1999,0.017
MMR,2000,0.017
MMR,2001,0.017
MMR,2002,0.017
MMR,2003,0.017
MMR,2004,0.017
MMR,2005,0.017
MMR,2006,0.017
MMR,2007,0.017
MMR,2008,0.017
MMR,2009,0.018
MMR,2010,0.032
MMR,2011,0.109
MMR,2012,0.134
MMR,2013,0.162
MMR,2014,0.167
MMR,2015,0.182
MMR,2016,0.233
MMR,2017,0.236
MMR,2018,0.241
MMR,2019,0.26
MMR,2020,0.262
MNE,1998,0.193
MNE,1999,0.324
MNE,2000,0.328
MNE,2001,0.342
MNE,2002,0.355
MNE,2003,0.365
MNE,2004,0.375
MNE,2005,0.376
MNE,2006,0.374
MNE,2007,0.384
MNE,2008,0.396
MNE,2009,0.399
MNE,2010,0.399
MNE,2011,0.399
MNE,2012,0.399
MNE,2013,0.38
MNE,2014,0.375
MNE,2015,0.372
MNE,2016,0.37
MNE,2017,0.364
MNE,2018,0.363
MNE,2019,0.357
MNE,2020,0.382
MNG,1990,0.237
MNG,1991,0.4
MNG,1992,0.536
MNG,1993,0.577
MNG,1994,0.582
MNG,1995,0.582
MNG,1996,0.59
MNG,1997,0.597
MNG,1998,0.597
MNG,1999,0.603
MNG,2000,0.549
MNG,2001,0.537
MNG,2002,0.543
MNG,2003,0.551
MNG,2004,0.547
MNG,2005,0.55
MNG,2006,0.56
MNG,2007,0.56
MNG,2008,0.535
MNG,2009,0.537
MNG,2010,0.556
MNG,2011,0.563
MNG,2012,0.569
MNG,2013,0.556
MNG,2014,0.553
MNG,2015,0.543
MNG,2016,0.543
MNG,2017,0.534
MNG,2018,0.531
MNG,2019,0.541
MNG,2020,0.516
MOZ,1990,0.11
MOZ,1991,0.131
MOZ,1992,0.139
MOZ,1993,0.155
MOZ,1994,0.195
MOZ,1995,0.307
MOZ,1996,0.305
MOZ,1997,0.303
MOZ,1998,0.303
MOZ,1999,0.299
MOZ,2000,0.296
MOZ,2001,0.296
MOZ,2002,0.295
MOZ,2003,0.296
MOZ,2004,0.3
MOZ,2005,0.314
MOZ,2006,0.314
MOZ,2007,0.312
MOZ,2008,0.312
MOZ,2009,0.308
MOZ,2010,0.298
MOZ,2011,0.298
MOZ,2012,0.299
MOZ,2013,0.299
MOZ,2014,0.304
MOZ,2015,0.305
MOZ,2016,0.292
MOZ,2017,0.275
MOZ,2018,0.269
MOZ,2019,0.254
MOZ,2020,0.234
MRT,1990,0.045
MRT,1991,0.049
MRT,1992,0.092
MRT,1993,0.097
MRT,1994,0.122
MRT,1995,0.123
MRT,1996,0.135
MRT,1997,0.133
MRT,1998,0.133
MRT,1999,0.133
MRT,2000,0.137
MRT,2001,0.139
MRT,2002,0.14
MRT,2003,0.138
MRT,2004,0.143
MRT,2005,0.121
MRT,2006,0.122
MRT,2007,0.237
MRT,2008,0.208
MRT,2009,0.19
MRT,2010,0.228
MRT,2011,0.229
MRT,2012,0.229
MRT,2013,0.175
MRT,2014,0.178
MRT,2015,0.181
MRT,2016,0.181
MRT,2017,0.159
MRT,2018,0.173
MRT,2019,0.187
MRT,2020,0.206
MUS,1990,0.604
MUS,1991,0.605
MUS,1992,0.61
MUS,1993,0.625
MUS,1994,0.625
MUS,1995,0.625
MUS,1996,0.625
MUS,1997,0.625
MUS,1998,0.625
MUS,1999,0.625
MUS,2000,0.644
MUS,2001,0.642
MUS,2002,0.645
MUS,2003,0.645
MUS,2004,0.645
MUS,2005,0.646
MUS,2006,0.65
MUS,2007,0.65
MUS,2008,0.644
MUS,2009,0.644
MUS,2010,0.66
MUS,2011,0.659
MUS,2012,0.659
MUS,2013,0.647
MUS,2014,0.617
MUS,2015,0.632
MUS,2016,0.631
MUS,2017,0.628
MUS,2018,0.631
MUS,2019,0.593
MUS,2020,0.444
MWI,1990,0.08
MWI,1991,0.078
MWI,1992,0.088
MWI,1993,0.111
MWI,1994,0.297
MWI,1995,0.432
MWI,1996,0.439
MWI,1997,0.439
MWI,1998,0.439
MWI,1999,0.402
MWI,2000,0.378
MWI,2001,0.383
MWI,2002,0.387
MWI,2003,0.387
MWI,2004,0.378
MWI,2005,0.368
MWI,2006,0.37
MWI,2007,0.366
MWI,2008,0.369
MWI,2009,0.397
MWI,2010,0.41
MWI,2011,0.41
MWI,2012,0.424
MWI,2013,0.441
MWI,2014,0.437
MWI,2015,0.444
MWI,2016,0.44
MWI,2017,0.454
MWI,2018,0.445
MWI,2019,0.412
MWI,2020,0.467
MYS,1990,0.162
MYS,1991,0.16
MYS,1992,0.16
MYS,1993,0.16
MYS,1994,0.16
MYS,1995,0.16
MYS,1996,0.16
MYS,1997,0.16
MYS,1998,0.163
MYS,1999,0.163
MYS,2000,0.166
MYS,2001,0.168
MYS,2002,0.174
MYS,2003,0.173
MYS,2004,0.206
MYS,2005,0.208
MYS,2006,0.21
MYS,2007,0.211
MYS,2008,0.216
MYS,2009,0.217
MYS,2010,0.219
MYS,2011,0.216
MYS,2012,0.219
MYS,2013,0.21
MYS,2014,0.212
MYS,2015,0.207
MYS,2016,0.205
MYS,2017,0.205
MYS,2018,0.316
MYS,2019,0.339
MYS,2020,0.305
NAM,1990,0.405
NAM,1991,0.492
NAM,1992,0.492
NAM,1993,0.492
NAM,1994,0.486
NAM,1995,0.556
NAM,1996,0.556
NAM,1997,0.556
NAM,1998,0.556
NAM,1999,0.552
NAM,2000,0.539
NAM,2001,0.537
NAM,2002,0.535
NAM,2003,0.538
NAM,2004,0.539
NAM,2005,0.553
NAM,2006,0.553
NAM,2007,0.546
NAM,2008,0.544
NAM,2009,0.539
NAM,2010,0.532
NAM,2011,0.536
NAM,2012,0.536
NAM,2013,0.54
NAM,2014,0.544
NAM,2015,0.592
NAM,2016,0.592
NAM,2017,0.578
NAM,2018,0.564
NAM,2019,0.519
NAM,2020,0.525
NER,1990,0.216
NER,1991,0.253
NER,1992,0.232
NER,1993,0.405
NER,1994,0.412
NER,1995,0.409
NER,1996,0.182
NER,1997,0.232
NER,1998,0.232
NER,1999,0.174
NER,2000,0.405
NER,2001,0.403
NER,2002,0.403
NER,2003,0.403
NER,2004,0.406
NER,2005,0.424
NER,2006,0.427
NER,2007,0.43
NER,2008,0.425
NER,2009,0.276
NER,2010,0.186
NER,2011,0.395
NER,2012,0.481
NER,2013,0.493
NER,2014,0.49
NER,2015,0.483
NER,2016,0.455
NER,2017,0.424
NER,2018,0.405
NER,2019,0.399
NER,2020,0.4
NGA,1990,0.099
NGA,1991,0.1
NGA,1992,0.109
NGA,1993,0.153
NGA,1994,0.097
NGA,1995,0.094
NGA,1996,0.094
NGA,1997,0.096
NGA,1998,0.106
NGA,1999,0.244
NGA,2000,0.327
NGA,2001,0.327
NGA,2002,0.327
NGA,2003,0.304
NGA,2004,0.295
NGA,2005,0.295
NGA,2006,0.298
NGA,2007,0.299
NGA,2008,0.305
NGA,2009,0.305
NGA,2010,0.318
NGA,2011,0.358
NGA,2012,0.366
NGA,2013,0.385
NGA,2014,0.39
NGA,2015,0.41
NGA,2016,0.398
NGA,2017,0.395
NGA,2018,0.396
NGA,2019,0.362
NGA,2020,0.357
NIC,1990,0.42
NIC,1991,0.471
NIC,1992,0.479
NIC,1993,0.485
NIC,1994,0.487
NIC,1995,0.49
NIC,1996,0.461
NIC,1997,0.418
NIC,1998,0.418
NIC,1999,0.389
NIC,2000,0.381
NIC,2001,0.379
NIC,2002,0.391
NIC,2003,0.387
NIC,2004,0.386
NIC,2005,0.386
NIC,2006,0.324
NIC,2007,0.221
NIC,2008,0.203
NIC,2009,0.199
NIC,2010,0.193
NIC,2011,0.19
NIC,2012,0.159
NIC,2013,0.127
NIC,2014,0.128
NIC,2015,0.126
NIC,2016,0.122
NIC,2017,0.105
NIC,2018,0.051
NIC,2019,0.047
NIC,2020,0.045
NLD,1990,0.817
NLD,1991,0.817
NLD,1992,0.817
NLD,1993,0.817
NLD,1994,0.814
NLD,1995,0.812
NLD,1996,0.812
NLD,1997,0.814
NLD,1998,0.804
NLD,1999,0.82
NLD,2000,0.815
NLD,2001,0.815
NLD,2002,0.809
NLD,2003,0.817
NLD,2004,0.817
NLD,2005,0.817
NLD,2006,0.821
NLD,2007,0.826
NLD,2008,0.826
NLD,2009,0.826
NLD,2010,0.831
NLD,2011,0.832
NLD,2012,0.83
NLD,2013,0.832
NLD,2014,0.835
NLD,2015,0.835
NLD,2016,0.835
NLD,2017,0.834
NLD,2018,0.834
NLD,2019,0.821
NLD,2020,0.813
NOR,1990,0.845
NOR,1991,0.845
NOR,1992,0.845
NOR,1993,0.846
NOR,1994,0.848
NOR,1995,0.848
NOR,1996,0.848
NOR,1997,0.848
NOR,1998,0.848
NOR,1999,0.848
NOR,2000,0.857
NOR,2001,0.858
NOR,2002,0.859
NOR,2003,0.859
NOR,2004,0.859
NOR,2005,0.861
NOR,2006,0.863
NOR,2007,0.863
NOR,2008,0.863
NOR,2009,0.865
NOR,2010,0.869
NOR,2011,0.867
NOR,2012,0.867
NOR,2013,0.852
NOR,2014,0.856
NOR,2015,0.864
NOR,2016,0.864
NOR,2017,0.86
NOR,2018,0.849
NOR,2019,0.852
NOR,2020,0.831
NPL,1990,0.218
NPL,1991,0.307
NPL,1992,0.321
NPL,1993,0.325
NPL,1994,0.325
NPL,1995,0.317
NPL,1996,0.31
NPL,1997,0.309
NPL,1998,0.309
NPL,1999,0.306
NPL,2000,0.296
NPL,2001,0.285
NPL,2002,0.222
NPL,2003,0.145
NPL,2004,0.146
NPL,2005,0.149
NPL,2006,0.213
NPL,2007,0.278
NPL,2008,0.415
NPL,2009,0.468
NPL,2010,0.463
NPL,2011,0.468
NPL,2012,0.31
NPL,2013,0.191
NPL,2014,0.501
NPL,2015,0.537
NPL,2016,0.556
NPL,2017,0.558
NPL,2018,0.523
NPL,2019,0.478
NPL,2020,0.475
NZL,1990,0.812
NZL,1991,0.809
NZL,1992,0.809
NZL,1993,0.819
NZL,1994,0.82
NZL,1995,0.82
NZL,1996,0.823
NZL,1997,0.831
NZL,1998,0.831
NZL,1999,0.831
NZL,2000,0.833
NZL,2001,0.833
NZL,2002,0.831
NZL,2003,0.829
NZL,2004,0.829
NZL,2005,0.83
NZL,2006,0.831
NZL,2007,0.831
NZL,2008,0.833
NZL,2009,0.846
NZL,2010,0.847
NZL,2011,0.844
NZL,2012,0.842
NZL,2013,0.836
NZL,2014,0.833
NZL,2015,0.837
NZL,2016,0.837
NZL,2017,0.833
NZL,2018,0.844
NZL,2019,0.842
NZL,2020,0.836
OMN,1990,0.066
OMN,1991,0.069
OMN,1992,0.083
OMN,1993,0.082
OMN,1994,0.082
OMN,1995,0.082
OMN,1996,0.085
OMN,1997,0.086
OMN,1998,0.086
OMN,1999,0.087
OMN,2000,0.102
OMN,2001,0.109
OMN,2002,0.121
OMN,2003,0.121
OMN,2004,0.122
OMN,2005,0.123
OMN,2006,0.125
OMN,2007,0.126
OMN,2008,0.126
OMN,2009,0.126
OMN,2010,0.126
OMN,2011,0.136
OMN,2012,0.138
OMN,2013,0.138
OMN,2014,0.139
OMN,2015,0.139
OMN,2016,0.139
OMN,2017,0.139
OMN,2018,0.14
OMN,2019,0.14
OMN,2020,0.136
PAK,1990,0.2
PAK,1991,0.2
PAK,1992,0.2
PAK,1993,0.206
PAK,1994,0.206
PAK,1995,0.206
PAK,1996,0.206
PAK,1997,0.199
PAK,1998,0.202
PAK,1999,0.168
PAK,2000,0.094
PAK,2001,0.091
PAK,2002,0.13
PAK,2003,0.192
PAK,2004,0.196
PAK,2005,0.192
PAK,2006,0.19
PAK,2007,0.188
PAK,2008,0.226
PAK,2009,0.262
PAK,2010,0.287
PAK,2011,0.286
PAK,2012,0.283
PAK,2013,0.29
PAK,2014,0.288
PAK,2015,0.268
PAK,2016,0.26
PAK,2017,0.258
PAK,2018,0.255
PAK,2019,0.239
PAK,2020,0.258
PAN,1990,0.373
PAN,1991,0.514
PAN,1992,0.526
PAN,1993,0.528
PAN,1994,0.54
PAN,1995,0.543
PAN,1996,0.543
PAN,1997,0.543
PAN,1998,0.535
PAN,1999,0.531
PAN,2000,0.552
PAN,2001,0.559
PAN,2002,0.559
PAN,2003,0.559
PAN,2004,0.561
PAN,2005,0.555
PAN,2006,0.555
PAN,2007,0.555
PAN,2008,0.555
PAN,2009,0.562
PAN,2010,0.562
PAN,2011,0.562
PAN,2012,0.562
PAN,2013,0.559
PAN,2014,0.552
PAN,2015,0.559
PAN,2016,0.559
PAN,2017,0.557
PAN,2018,0.543
PAN,2019,0.541
PAN,2020,0.554
PER,1990,0.393
PER,1991,0.396
PER,1992,0.115
PER,1993,0.095
PER,1994,0.095
PER,1995,0.094
PER,1996,0.131
PER,1997,0.127
PER,1998,0.123
PER,1999,0.123
PER,2000,0.188
PER,2001,0.57
PER,2002,0.655
PER,2003,0.656
PER,2004,0.655
PER,2005,0.662
PER,2006,0.652
PER,2007,0.648
PER,2008,0.649
PER,2009,0.65
PER,2010,0.659
PER,2011,0.665
PER,2012,0.693
PER,2013,0.69
PER,2014,0.689
PER,2015,0.69
PER,2016,0.674
PER,2017,0.679
PER,2018,0.7
PER,2019,0.697
PER,2020,0.711
PHL,1990,0.435
PHL,1991,0.436
PHL,1992,0.432
PHL,1993,0.411
PHL,1994,0.414
PHL,1995,0.42
PHL,1996,0.423
PHL,1997,0.423
PHL,1998,0.43
PHL,1999,0.438
PHL,2000,0.439
PHL,2001,0.413
PHL,2002,0.397
PHL,2003,0.397
PHL,2004,0.359
PHL,2005,0.351
PHL,2006,0.351
PHL,2007,0.357
PHL,2008,0.356
PHL,2009,0.354
PHL,2010,0.409
PHL,2011,0.428
PHL,2012,0.428
PHL,2013,0.428
PHL,2014,0.426
PHL,2015,0.429
PHL,2016,0.363
PHL,2017,0.347
PHL,2018,0.314
PHL,2019,0.296
PHL,2020,0.284
PNG,1990,0.412
PNG,1991,0.412
PNG,1992,0.409
PNG,1993,0.407
PNG,1994,0.407
PNG,1995,0.407
PNG,1996,0.407
PNG,1997,0.407
PNG,1998,0.408
PNG,1999,0.408
PNG,2000,0.408
PNG,2001,0.408
PNG,2002,0.406
PNG,2003,0.405
PNG,2004,0.398
PNG,2005,0.398
PNG,2006,0.398
PNG,2007,0.382
PNG,2008,0.367
PNG,2009,0.367
PNG,2010,0.367
PNG,2011,0.361
PNG,2012,0.35
PNG,2013,0.344
PNG,2014,0.346
PNG,2015,0.342
PNG,2016,0.344
PNG,2017,0.342
PNG,2018,0.351
PNG,2019,0.348
PNG,2020,0.354
POL,1990,0.665
POL,1991,0.782
POL,1992,0.805
POL,1993,0.809
POL,1994,0.811
POL,1995,0.81
POL,1996,0.803
POL,1997,0.793
POL,1998,0.799
POL,1999,0.8
POL,2000,0.802
POL,2001,0.806
POL,2002,0.813
POL,2003,0.813
POL,2004,0.813
POL,2005,0.815
POL,2006,0.811
POL,2007,0.809
POL,2008,0.826
POL,2009,0.826
POL,2010,0.827
POL,2011,0.828
POL,2012,0.83
POL,2013,0.828
POL,2014,0.82
POL,2015,0.778
POL,2016,0.6
POL,2017,0.539
POL,2018,0.518
POL,2019,0.507
POL,2020,0.449
PRK,1990,0.015
PRK,1991,0.015
PRK,1992,0.015
PRK,1993,0.015
PRK,1994,0.015
PRK,1995,0.014
PRK,1996,0.014
PRK,1997,0.014
PRK,1998,0.014
PRK,1999,0.014
PRK,2000,0.014
PRK,2001,0.014
PRK,2002,0.014
PRK,2003,0.014
PRK,2004,0.014
PRK,2005,0.014
PRK,2006,0.014
PRK,2007,0.014
PRK,2008,0.014
PRK,2009,0.014
PRK,2010,0.015
PRK,2011,0.015
PRK,2012,0.015
PRK,2013,0.015
PRK,2014,0.015
PRK,2015,0.015
PRK,2016,0.015
PRK,2017,0.015
PRK,2018,0.015
PRK,2019,0.015
PRK,2020,0.015
PRT,1990,0.822
PRT,1991,0.811
PRT,1992,0.811
PRT,1993,0.811
PRT,1994,0.811
PRT,1995,0.813
PRT,1996,0.82
PRT,1997,0.82
PRT,1998,0.82
PRT,1999,0.821
PRT,2000,0.825
PRT,2001,0.824
PRT,2002,0.83
PRT,2003,0.83
PRT,2004,0.83
PRT,2005,0.842
PRT,2006,0.846
PRT,2007,0.846
PRT,2008,0.844
PRT,2009,0.844
PRT,2010,0.846
PRT,2011,0.835
PRT,2012,0.837
PRT,2013,0.829
PRT,2014,0.829
PRT,2015,0.832
PRT,2016,0.832
PRT,2017,0.848
PRT,2018,0.849
PRT,2019,0.82
PRT,2020,0.808
PRY,1990,0.209
PRY,1991,0.215
PRY,1992,0.346
PRY,1993,0.368
PRY,1994,0.378
PRY,1995,0.378
PRY,1996,0.378
PRY,1997,0.383
PRY,1998,0.385
PRY,1999,0.387
PRY,2000,0.392
PRY,2001,0.392
PRY,2002,0.392
PRY,2003,0.407
PRY,2004,0.427
PRY,2005,0.431
PRY,2006,0.433
PRY,2007,0.45
PRY,2008,0.494
PRY,2009,0.505
PRY,2010,0.51
PRY,2011,0.503
PRY,2012,0.477
PRY,2013,0.407
PRY,2014,0.414
PRY,2015,0.415
PRY,2016,0.415
PRY,2017,0.419
PRY,2018,0.416
PRY,2019,0.423
PRY,2020,0.423
PSE,1990,0.079
PSE,1991,0.079
PSE,1992,0.089
PSE,1993,0.095
PSE,1994,0.162
PSE,1995,0.167
PSE,1996,0.285
PSE,1997,0.29
PSE,1998,0.297
PSE,1999,0.297
PSE,2000,0.291
PSE,2001,0.294
PSE,2002,0.297
PSE,2003,0.319
PSE,2004,0.326
PSE,2005,0.354
PSE,2006,0.34
PSE,2007,0.214
PSE,2008,0.147
PSE,2009,0.147
PSE,2010,0.148
PSE,2011,0.148
PSE,2012,0.147
PSE,2013,0.173
PSE,2014,0.174
PSE,2015,0.172
PSE,2016,0.171
PSE,2017,0.179
PSE,2018,0.184
PSE,2019,0.198
PSE,2020,0.16
PSG,2007,0.093
PSG,2008,0.095
PSG,2009,0.096
PSG,2010,0.103
PSG,2011,0.101
PSG,2012,0.102
PSG,2013,0.07
PSG,2014,0.071
PSG,2015,0.063
PSG,2016,0.065
PSG,2017,0.06
PSG,2018,0.039
PSG,2019,0.073
PSG,2020,0.05
QAT,1990,0.082
QAT,1991,0.082
QAT,1992,0.082
QAT,1993,0.082
QAT,1994,0.083
QAT,1995,0.085
QAT,1996,0.089
QAT,1997,0.089
QAT,1998,0.09
QAT,1999,0.09
QAT,2000,0.092
QAT,2001,0.09
QAT,2002,0.09
QAT,2003,0.096
QAT,2004,0.098
QAT,2005,0.098
QAT,2006,0.098
QAT,2007,0.098
QAT,2008,0.098
QAT,2009,0.099
QAT,2010,0.099
QAT,2011,0.099
QAT,2012,0.099
QAT,2013,0.091
QAT,2014,0.092
QAT,2015,0.092
QAT,2016,0.091
QAT,2017,0.088
QAT,2018,0.09
QAT,2019,0.084
QAT,2020,0.086
ROU,1990,0.297
ROU,1991,0.327
ROU,1992,0.367
ROU,1993,0.389
ROU,1994,0.389
ROU,1995,0.389
ROU,1996,0.407
ROU,1997,0.437
ROU,1998,0.437
ROU,1999,0.436
ROU,2000,0.433
ROU,2001,0.419
ROU,2002,0.421
ROU,2003,0.431
ROU,2004,0.431
ROU,2005,0.465
ROU,2006,0.468
ROU,2007,0.476
ROU,2008,0.491
ROU,2009,0.529
ROU,2010,0.545
ROU,2011,0.547
ROU,2012,0.535
ROU,2013,0.556
ROU,2014,0.565
ROU,2015,0.599
ROU,2016,0.622
ROU,2017,0.531
ROU,2018,0.487
ROU,2019,0.554
ROU,2020,0.663
RUS,1990,0.095
RUS,1991,0.129
RUS,1992,0.296
RUS,1993,0.292
RUS,1994,0.294
RUS,1995,0.296
RUS,1996,0.289
RUS,1997,0.285
RUS,1998,0.284
RUS,1999,0.285
RUS,2000,0.223
RUS,2001,0.202
RUS,2002,0.177
RUS,2003,0.169
RUS,2004,0.152
RUS,2005,0.151
RUS,2006,0.15
RUS,2007,0.143
RUS,2008,0.139
RUS,2009,0.14
RUS,2010,0.135
RUS,2011,0.134
RUS,2012,0.121
RUS,2013,0.118
RUS,2014,0.112
RUS,2015,0.11
RUS,2016,0.108
RUS,2017,0.109
RUS,2018,0.109
RUS,2019,0.105
RUS,2020,0.099
RWA,1990,0.159
RWA,1991,0.182
RWA,1992,0.195
RWA,1993,0.129
RWA,1994,0.113
RWA,1995,0.119
RWA,1996,0.12
RWA,1997,0.122
RWA,1998,0.125
RWA,1999,0.126
RWA,2000,0.105
RWA,2001,0.105
RWA,2002,0.105
RWA,2003,0.107
RWA,2004,0.126
RWA,2005,0.125
RWA,2006,0.126
RWA,2007,0.126
RWA,2008,0.128
RWA,2009,0.13
RWA,2010,0.132
RWA,2011,0.133
RWA,2012,0.135
RWA,2013,0.133
RWA,2014,0.136
RWA,2015,0.136
RWA,2016,0.127
RWA,2017,0.116
RWA,2018,0.12
RWA,2019,0.12
RWA,2020,0.117
SAU,1990,0.039
SAU,1991,0.038
SAU,1992,0.039
SAU,1993,0.04
SAU,1994,0.04
SAU,1995,0.04
SAU,1996,0.04
SAU,1997,0.04
SAU,1998,0.04
SAU,1999,0.04
SAU,2000,0.04
SAU,2001,0.041
SAU,2002,0.04
SAU,2003,0.04
SAU,2004,0.04
SAU,2005,0.043
SAU,2006,0.043
SAU,2007,0.044
SAU,2008,0.045
SAU,2009,0.045
SAU,2010,0.047
SAU,2011,0.047
SAU,2012,0.047
SAU,2013,0.048
SAU,2014,0.048
SAU,2015,0.048
SAU,2016,0.046
SAU,2017,0.046
SAU,2018,0.045
SAU,2019,0.047
SAU,2020,0.046
SDN,1990,0.012
SDN,1991,0.012
SDN,1992,0.02
SDN,1993,0.018
SDN,1994,0.019
SDN,1995,0.019
SDN,1996,0.02
SDN,1997,0.02
SDN,1998,0.027
SDN,1999,0.035
SDN,2000,0.019
SDN,2001,0.036
SDN,2002,0.036
SDN,2003,0.035
SDN,2004,0.039
SDN,2005,0.063
SDN,2006,0.063
SDN,2007,0.064
SDN,2008,0.065
SDN,2009,0.063
SDN,2010,0.067
SDN,2011,0.058
SDN,2012,0.061
SDN,2013,0.063
SDN,2014,0.062
SDN,2015,0.065
SDN,2016,0.066
SDN,2017,0.076
SDN,2018,0.07
SDN,2019,0.076
SDN,2020,0.061
SEN,1990,0.382
SEN,1991,0.39
SEN,1992,0.404
SEN,1993,0.456
SEN,1994,0.469
SEN,1995,0.474
SEN,1996,0.475
SEN,1997,0.478
SEN,1998,0.48
SEN,1999,0.482
SEN,2000,0.508
SEN,2001,0.439
SEN,2002,0.533
SEN,2003,0.533
SEN,2004,0.533
SEN,2005,0.533
SEN,2006,0.533
SEN,2007,0.528
SEN,2008,0.522
SEN,2009,0.524
SEN,2010,0.53
SEN,2011,0.53
SEN,2012,0.541
SEN,2013,0.583
SEN,2014,0.582
SEN,2015,0.586
SEN,2016,0.579
SEN,2017,0.555
SEN,2018,0.551
SEN,2019,0.573
SEN,2020,0.573
SGP,1990,0.301
SGP,1991,0.303
SGP,1992,0.298
SGP,1993,0.298
SGP,1994,0.299
SGP,1995,0.299
SGP,1996,0.298
SGP,1997,0.304
SGP,1998,0.304
SGP,1999,0.302
SGP,2000,0.31
SGP,2001,0.31
SGP,2002,0.307
SGP,2003,0.307
SGP,2004,0.307
SGP,2005,0.305
SGP,2006,0.312
SGP,2007,0.312
SGP,2008,0.312
SGP,2009,0.314
SGP,2010,0.316
SGP,2011,0.324
SGP,2012,0.335
SGP,2013,0.332
SGP,2014,0.332
SGP,2015,0.333
SGP,2016,0.337
SGP,2017,0.344
SGP,2018,0.337
SGP,2019,0.333
SGP,2020,0.327
SLB,1990,0.412
SLB,1991,0.412
SLB,1992,0.412
SLB,1993,0.412
SLB,1994,0.412
SLB,1995,0.412
SLB,1996,0.412
SLB,1997,0.407
SLB,1998,0.393
SLB,1999,0.37
SLB,2000,0.241
SLB,2001,0.183
SLB,2002,0.376
SLB,2003,0.384
SLB,2004,0.396
SLB,2005,0.389
SLB,2006,0.346
SLB,2007,0.418
SLB,2008,0.418
SLB,2009,0.417
SLB,2010,0.423
SLB,2011,0.429
SLB,2012,0.429
SLB,2013,0.427
SLB,2014,0.429
SLB,2015,0.436
SLB,2016,0.446
SLB,2017,0.458
SLB,2018,0.463
SLB,2019,0.478
SLB,2020,0.46
SLE,1990,0.088
SLE,1991,0.061
SLE,1992,0.049
SLE,1993,0.034
SLE,1994,0.035
SLE,1995,0.036
SLE,1996,0.123
SLE,1997,0.098
SLE,1998,0.076
SLE,1999,0.081
SLE,2000,0.089
SLE,2001,0.089
SLE,2002,0.198
SLE,2003,0.363
SLE,2004,0.362
SLE,2005,0.353
SLE,2006,0.349
SLE,2007,0.343
SLE,2008,0.321
SLE,2009,0.321
SLE,2010,0.324
SLE,2011,0.324
SLE,2012,0.315
SLE,2013,0.312
SLE,2014,0.312
SLE,2015,0.312
SLE,2016,0.308
SLE,2017,0.333
SLE,2018,0.378
SLE,2019,0.382
SLE,2020,0.415
SLV,1990,0.087
SLV,1991,0.09
SLV,1992,0.142
SLV,1993,0.205
SLV,1994,0.26
SLV,1995,0.276
SLV,1996,0.28
SLV,1997,0.281
SLV,1998,0.289
SLV,1999,0.299
SLV,2000,0.314
SLV,2001,0.326
SLV,2002,0.334
SLV,2003,0.338
SLV,2004,0.336
SLV,2005,0.34
SLV,2006,0.356
SLV,2007,0.358
SLV,2008,0.362
SLV,2009,0.406
SLV,2010,0.429
SLV,2011,0.429
SLV,2012,0.436
SLV,2013,0.445
SLV,2014,0.472
SLV,2015,0.468
SLV,2016,0.471
SLV,2017,0.471
SLV,2018,0.445
SLV,2019,0.401
SLV,2020,0.319
SML,1991,0.082
SML,1992,0.082
SML,1993,0.119
SML,1994,0.122
SML,1995,0.129
SML,1996,0.129
SML,1997,0.131
SML,1998,0.135
SML,1999,0.136
SML,2000,0.136
SML,2001,0.137
SML,2002,0.148
SML,2003,0.203
SML,2004,0.224
SML,2005,0.232
SML,2006,0.242
SML,2007,0.241
SML,2008,0.241
SML,2009,0.241
SML,2010,0.252
SML,2011,0.263
SML,2012,0.264
SML,2013,0.242
SML,2014,0.243
SML,2015,0.243
SML,2016,0.244
SML,2017,0.252
SML,2018,0.239
SML,2019,0.234
SML,2020,0.231
SOM,1990,0.04
SOM,1991,0.038
SOM,1992,0.028
SOM,1993,0.029
SOM,1994,0.029
SOM,1995,0.029
SOM,1996,0.029
SOM,1997,0.029
SOM,1998,0.029
SOM,1999,0.029
SOM,2000,0.032
SOM,2001,0.031
SOM,2002,0.031
SOM,2003,0.031
SOM,2004,0.061
SOM,2005,0.096
SOM,2006,0.096
SOM,2007,0.098
SOM,2008,0.098
SOM,2009,0.099
SOM,2010,0.105
SOM,2011,0.107
SOM,2012,0.109
SOM,2013,0.12
SOM,2014,0.12
SOM,2015,0.124
SOM,2016,0.111
SOM,2017,0.123
SOM,2018,0.105
SOM,2019,0.101
SOM,2020,0.104
SRB,1990,0.152
SRB,1991,0.104
SRB,1992,0.153
SRB,1993,0.184
SRB,1994,0.185
SRB,1995,0.185
SRB,1996,0.19
SRB,1997,0.19
SRB,1998,0.189
SRB,1999,0.188
SRB,2000,0.274
SRB,2001,0.484
SRB,2002,0.505
SRB,2003,0.537
SRB,2004,0.526
SRB,2005,0.529
SRB,2006,0.526
SRB,2007,0.531
SRB,2008,0.529
SRB,2009,0.529
SRB,2010,0.508
SRB,2011,0.511
SRB,2012,0.487
SRB,2013,0.402
SRB,2014,0.358
SRB,2015,0.344
SRB,2016,0.327
SRB,2017,0.296
SRB,2018,0.286
SRB,2019,0.287
SRB,2020,0.247
SSD,2011,0.103
SSD,2012,0.103
SSD,2013,0.073
SSD,2014,0.066
SSD,2015,0.064
SSD,2016,0.049
SSD,2017,0.057
SSD,2018,0.049
SSD,2019,0.062
SSD,2020,0.067
STP,1990,0.198
STP,1991,0.411
STP,1992,0.503
STP,1993,0.514
STP,1994,0.513
STP,1995,0.51
STP,1996,0.511
STP,1997,0.509
STP,1998,0.51
STP,1999,0.516
STP,2000,0.507
STP,2001,0.512
STP,2002,0.52
STP,2003,0.527
STP,2004,0.539
STP,2005,0.55
STP,2006,0.54
STP,2007,0.537
STP,2008,0.537
STP,2009,0.537
STP,2010,0.558
STP,2011,0.56
STP,2012,0.555
STP,2013,0.564
STP,2014,0.57
STP,2015,0.579
STP,2016,0.569
STP,2017,0.556
STP,2018,0.549
STP,2019,0.583
STP,2020,0.584
SUR,1990,0.554
SUR,1991,0.376
SUR,1992,0.631
SUR,1993,0.642
SUR,1994,0.645
SUR,1995,0.645
SUR,1996,0.655
SUR,1997,0.657
SUR,1998,0.657
SUR,1999,0.657
SUR,2000,0.667
SUR,2001,0.668
SUR,2002,0.668
SUR,2003,0.668
SUR,2004,0.668
SUR,2005,0.66
SUR,2006,0.655
SUR,2007,0.656
SUR,2008,0.655
SUR,2009,0.655
SUR,2010,0.64
SUR,2011,0.634
SUR,2012,0.628
SUR,2013,0.632
SUR,2014,0.632
SUR,2015,0.635
SUR,2016,0.628
SUR,2017,0.627
SUR,2018,0.61
SUR,2019,0.58
SUR,2020,0.633
SVK,1993,0.633
SVK,1994,0.546
SVK,1995,0.538
SVK,1996,0.536
SVK,1997,0.538
SVK,1998,0.633
SVK,1999,0.745
SVK,2000,0.75
SVK,2001,0.75
SVK,2002,0.75
SVK,2003,0.751
SVK,2004,0.751
SVK,2005,0.75
SVK,2006,0.728
SVK,2007,0.735
SVK,2008,0.742
SVK,2009,0.74
SVK,2010,0.756
SVK,2011,0.756
SVK,2012,0.749
SVK,2013,0.729
SVK,2014,0.731
SVK,2015,0.735
SVK,2016,0.732
SVK,2017,0.73
SVK,2018,0.708
SVK,2019,0.746
SVK,2020,0.766
SVN,1990,0.513
SVN,1991,0.716
SVN,1992,0.767
SVN,1993,0.767
SVN,1994,0.772
SVN,1995,0.767
SVN,1996,0.773
SVN,1997,0.763
SVN,1998,0.768
SVN,1999,0.761
SVN,2000,0.757
SVN,2001,0.745
SVN,2002,0.762
SVN,2003,0.756
SVN,2004,0.738
SVN,2005,0.738
SVN,2006,0.741
SVN,2007,0.742
SVN,2008,0.742
SVN,2009,0.794
SVN,2010,0.796
SVN,2011,0.791
SVN,2012,0.773
SVN,2013,0.787
SVN,2014,0.797
SVN,2015,0.804
SVN,2016,0.795
SVN,2017,0.774
SVN,2018,0.761
SVN,2019,0.743
SVN,2020,0.672
SWE,1990,0.882
SWE,1991,0.882
SWE,1992,0.881
SWE,1993,0.88
SWE,1994,0.88
SWE,1995,0.881
SWE,1996,0.881
SWE,1997,0.881
SWE,1998,0.881
SWE,1999,0.88
SWE,2000,0.88
SWE,2001,0.88
SWE,2002,0.881
SWE,2003,0.882
SWE,2004,0.882
SWE,2005,0.882
SWE,2006,0.882
SWE,2007,0.883
SWE,2008,0.883
SWE,2009,0.883
SWE,2010,0.883
SWE,2011,0.884
SWE,2012,0.887
SWE,2013,0.887
SWE,2014,0.885
SWE,2015,0.884
SWE,2016,0.881
SWE,2017,0.881
SWE,2018,0.878
SWE,2019,0.871
SWE,2020,0.872
SWZ,1990,0.105
SWZ,1991,0.105
SWZ,1992,0.105
SWZ,1993,0.105
SWZ,1994,0.101
SWZ,1995,0.101
SWZ,1996,0.101
SWZ,1997,0.101
SWZ,1998,0.095
SWZ,1999,0.096
SWZ,2000,0.096
SWZ,2001,0.097
SWZ,2002,0.097
SWZ,2003,0.096
SWZ,2004,0.096
SWZ,2005,0.096
SWZ,2006,0.097
SWZ,2007,0.097
SWZ,2008,0.099
SWZ,2009,0.098
SWZ,2010,0.096
SWZ,2011,0.095
SWZ,2012,0.095
SWZ,2013,0.099
SWZ,2014,0.098
SWZ,2015,0.098
SWZ,2016,0.098
SWZ,2017,0.101
SWZ,2018,0.114
SWZ,2019,0.112
SWZ,2020,0.113
SYC,1990,0.178
SYC,1991,0.18
SYC,1992,0.213
SYC,1993,0.247
SYC,1994,0.254
SYC,1995,0.258
SYC,1996,0.255
SYC,1997,0.256
SYC,1998,0.258
SYC,1999,0.259
SYC,2000,0.263
SYC,2001,0.259
SYC,2002,0.263
SYC,2003,0.309
SYC,2004,0.347
SYC,2005,0.347
SYC,2006,0.358
SYC,2007,0.372
SYC,2008,0.374
SYC,2009,0.375
SYC,2010,0.379
SYC,2011,0.383
SYC,2012,0.38
SYC,2013,0.397
SYC,2014,0.403
SYC,2015,0.429
SYC,2016,0.498
SYC,2017,0.518
SYC,2018,0.529
SYC,2019,0.537
SYC,2020,0.579
SYR,1990,0.039
SYR,1991,0.04
SYR,1992,0.039
SYR,1993,0.039
SYR,1994,0.038
SYR,1995,0.039
SYR,1996,0.039
SYR,1997,0.039
SYR,1998,0.04
SYR,1999,0.041
SYR,2000,0.052
SYR,2001,0.053
SYR,2002,0.052
SYR,2003,0.052
SYR,2004,0.052
SYR,2005,0.052
SYR,2006,0.052
SYR,2007,0.051
SYR,2008,0.051
SYR,2009,0.051
SYR,2010,0.051
SYR,2011,0.041
SYR,2012,0.033
SYR,2013,0.025
SYR,2014,0.025
SYR,2015,0.025
SYR,2016,0.026
SYR,2017,0.027
SYR,2018,0.027
SYR,2019,0.027
SYR,2020,0.033
TCD,1990,0.043
TCD,1991,0.056
TCD,1992,0.057
TCD,1993,0.069
TCD,1994,0.076
TCD,1995,0.076
TCD,1996,0.075
TCD,1997,0.077
TCD,1998,0.096
TCD,1999,0.096
TCD,2000,0.097
TCD,2001,0.096
TCD,2002,0.096
TCD,2003,0.096
TCD,2004,0.097
TCD,2005,0.096
TCD,2006,0.096
TCD,2007,0.095
TCD,2008,0.096
TCD,2009,0.096
TCD,2010,0.1
TCD,2011,0.1
TCD,2012,0.099
TCD,2013,0.094
TCD,2014,0.091
TCD,2015,0.093
TCD,2016,0.092
TCD,2017,0.086
TCD,2018,0.08
TCD,2019,0.089
TCD,2020,0.087
TGO,1990,0.067
TGO,1991,0.128
TGO,1992,0.153
TGO,1993,0.162
TGO,1994,0.169
TGO,1995,0.169
TGO,1996,0.172
TGO,1997,0.172
TGO,1998,0.167
TGO,1999,0.161
TGO,2000,0.173
TGO,2001,0.173
TGO,2002,0.174
TGO,2003,0.175
TGO,2004,0.175
TGO,2005,0.156
TGO,2006,0.19
TGO,2007,0.205
TGO,2008,0.244
TGO,2009,0.246
TGO,2010,0.245
TGO,2011,0.248
TGO,2012,0.247
TGO,2013,0.253
TGO,2014,0.27
TGO,2015,0.273
TGO,2016,0.278
TGO,2017,0.254
TGO,2018,0.233
TGO,2019,0.214
TGO,2020,0.256
THA,1990,0.27
THA,1991,0.16
THA,1992,0.203
THA,1993,0.313
THA,1994,0.313
THA,1995,0.318
THA,1996,0.289
THA,1997,0.352
THA,1998,0.39
THA,1999,0.39
THA,2000,0.397
THA,2001,0.418
THA,2002,0.41
THA,2003,0.402
THA,2004,0.398
THA,2005,0.375
THA,2006,0.175
THA,2007,0.184
THA,2008,0.341
THA,2009,0.343
THA,2010,0.333
THA,2011,0.376
THA,2012,0.406
THA,2013,0.349
THA,2014,0.115
THA,2015,0.101
THA,2016,0.102
THA,2017,0.1
THA,2018,0.109
THA,2019,0.185
THA,2020,0.177
TJK,1990,0.126
TJK,1991,0.13
TJK,1992,0.078
TJK,1993,0.06
TJK,1994,0.055
TJK,1995,0.056
TJK,1996,0.057
TJK,1997,0.059
TJK,1998,0.067
TJK,1999,0.071
TJK,2000,0.087
TJK,2001,0.09
TJK,2002,0.087
TJK,2003,0.089
TJK,2004,0.085
TJK,2005,0.074
TJK,2006,0.074
TJK,2007,0.073
TJK,2008,0.074
TJK,2009,0.074
TJK,2010,0.068
TJK,2011,0.069
TJK,2012,0.066
TJK,2013,0.055
TJK,2014,0.053
TJK,2015,0.044
TJK,2016,0.041
TJK,2017,0.044
TJK,2018,0.049
TJK,2019,0.043
TJK,2020,0.044
TKM,1990,NA
TKM,1991,0.045
TKM,1992,0.031
TKM,1993,0.028
TKM,1994,0.028
TKM,1995,0.028
TKM,1996,0.028
TKM,1997,0.024
TKM,1998,0.024
TKM,1999,0.024
TKM,2000,0.015
TKM,2001,0.014
TKM,2002,0.014
TKM,2003,0.014
TKM,2004,0.014
TKM,2005,0.015
TKM,2006,0.015
TKM,2007,0.023
TKM,2008,0.025
TKM,2009,0.024
TKM,2010,0.024
TKM,2011,0.023
TKM,2012,0.023
TKM,2013,0.025
TKM,2014,0.026
TKM,2015,0.026
TKM,2016,0.026
TKM,2017,0.028
TKM,2018,0.031
TKM,2019,0.037
TKM,2020,0.034
TLS,1990,NA
TLS,1991,NA
TLS,1992,NA
TLS,1993,NA
TLS,1994,NA
TLS,1995,NA
TLS,1996,NA
TLS,1997,NA
TLS,1998,NA
TLS,1999,0.089
TLS,2000,0.184
TLS,2001,0.233
TLS,2002,0.417
TLS,2003,0.413
TLS,2004,0.413
TLS,2005,0.414
TLS,2006,0.415
TLS,2007,0.464
TLS,2008,0.469
TLS,2009,0.471
TLS,2010,0.48
TLS,2011,0.48
TLS,2012,0.496
TLS,2013,0.489
TLS,2014,0.47
TLS,2015,0.462
TLS,2016,0.451
TLS,2017,0.481
TLS,2018,0.496
TLS,2019,0.513
TLS,2020,0.486
TTO,1990,0.612
TTO,1991,0.623
TTO,1992,0.633
TTO,1993,0.633
TTO,1994,0.632
TTO,1995,0.631
TTO,1996,0.632
TTO,1997,0.632
TTO,1998,0.632
TTO,1999,0.632
TTO,2000,0.641
TTO,2001,0.616
TTO,2002,0.622
TTO,2003,0.644
TTO,2004,0.644
TTO,2005,0.643
TTO,2006,0.65
TTO,2007,0.645
TTO,2008,0.653
TTO,2009,0.653
TTO,2010,0.657
TTO,2011,0.663
TTO,2012,0.663
TTO,2013,0.635
TTO,2014,0.633
TTO,2015,0.652
TTO,2016,0.648
TTO,2017,0.642
TTO,2018,0.634
TTO,2019,0.641
TTO,2020,0.639
TUN,1990,0.084
TUN,1991,0.098
TUN,1992,0.098
TUN,1993,0.097
TUN,1994,0.096
TUN,1995,0.096
TUN,1996,0.096
TUN,1997,0.096
TUN,1998,0.096
TUN,1999,0.096
TUN,2000,0.096
TUN,2001,0.096
TUN,2002,0.096
TUN,2003,0.096
TUN,2004,0.096
TUN,2005,0.096
TUN,2006,0.098
TUN,2007,0.099
TUN,2008,0.099
TUN,2009,0.099
TUN,2010,0.108
TUN,2011,0.247
TUN,2012,0.643
TUN,2013,0.634
TUN,2014,0.637
TUN,2015,0.627
TUN,2016,0.626
TUN,2017,0.644
TUN,2018,0.64
TUN,2019,0.631
TUN,2020,0.621
TUR,1990,0.355
TUR,1991,0.368
TUR,1992,0.376
TUR,1993,0.375
TUR,1994,0.377
TUR,1995,0.379
TUR,1996,0.386
TUR,1997,0.396
TUR,1998,0.396
TUR,1999,0.42
TUR,2000,0.432
TUR,2001,0.437
TUR,2002,0.496
TUR,2003,0.506
TUR,2004,0.511
TUR,2005,0.498
TUR,2006,0.496
TUR,2007,0.477
TUR,2008,0.424
TUR,2009,0.413
TUR,2010,0.371
TUR,2011,0.362
TUR,2012,0.355
TUR,2013,0.3
TUR,2014,0.258
TUR,2015,0.236
TUR,2016,0.147
TUR,2017,0.105
TUR,2018,0.108
TUR,2019,0.113
TUR,2020,0.119
TWN,1990,0.227
TWN,1991,0.243
TWN,1992,0.263
TWN,1993,0.28
TWN,1994,0.279
TWN,1995,0.283
TWN,1996,0.292
TWN,1997,0.493
TWN,1998,0.504
TWN,1999,0.499
TWN,2000,0.675
TWN,2001,0.687
TWN,2002,0.69
TWN,2003,0.686
TWN,2004,0.676
TWN,2005,0.672
TWN,2006,0.675
TWN,2007,0.677
TWN,2008,0.686
TWN,2009,0.67
TWN,2010,0.672
TWN,2011,0.672
TWN,2012,0.677
TWN,2013,0.682
TWN,2014,0.683
TWN,2015,0.684
TWN,2016,0.73
TWN,2017,0.737
TWN,2018,0.736
TWN,2019,0.723
TWN,2020,0.712
TZA,1990,0.272
TZA,1991,0.282
TZA,1992,0.339
TZA,1993,0.34
TZA,1994,0.35
TZA,1995,0.399
TZA,1996,0.409
TZA,1997,0.409
TZA,1998,0.409
TZA,1999,0.409
TZA,2000,0.403
TZA,2001,0.378
TZA,2002,0.378
TZA,2003,0.378
TZA,2004,0.378
TZA,2005,0.371
TZA,2006,0.4
TZA,2007,0.4
TZA,2008,0.401
TZA,2009,0.4
TZA,2010,0.404
TZA,2011,0.41
TZA,2012,0.408
TZA,2013,0.402
TZA,2014,0.401
TZA,2015,0.398
TZA,2016,0.357
TZA,2017,0.351
TZA,2018,0.338
TZA,2019,0.337
TZA,2020,0.345
UGA,1990,0.161
UGA,1991,0.19
UGA,1992,0.194
UGA,1993,0.198
UGA,1994,0.209
UGA,1995,0.233
UGA,1996,0.245
UGA,1997,0.243
UGA,1998,0.243
UGA,1999,0.243
UGA,2000,0.243
UGA,2001,0.231
UGA,2002,0.223
UGA,2003,0.221
UGA,2004,0.225
UGA,2005,0.247
UGA,2006,0.261
UGA,2007,0.26
UGA,2008,0.259
UGA,2009,0.259
UGA,2010,0.255
UGA,2011,0.256
UGA,2012,0.251
UGA,2013,0.253
UGA,2014,0.249
UGA,2015,0.244
UGA,2016,0.227
UGA,2017,0.214
UGA,2018,0.212
UGA,2019,0.213
UGA,2020,0.217
UKR,1990,0.231
UKR,1991,0.276
UKR,1992,0.334
UKR,1993,0.359
UKR,1994,0.357
UKR,1995,0.333
UKR,1996,0.323
UKR,1997,0.298
UKR,1998,0.262
UKR,1999,0.252
UKR,2000,0.231
UKR,2001,0.234
UKR,2002,0.245
UKR,2003,0.262
UKR,2004,0.269
UKR,2005,0.289
UKR,2006,0.38
UKR,2007,0.4
UKR,2008,0.397
UKR,2009,0.399
UKR,2010,0.267
UKR,2011,0.262
UKR,2012,0.259
UKR,2013,0.25
UKR,2014,0.213
UKR,2015,0.226
UKR,2016,0.237
UKR,2017,0.239
UKR,2018,0.242
UKR,2019,0.317
UKR,2020,0.322
URY,1990,0.772
URY,1991,0.772
URY,1992,0.772
URY,1993,0.772
URY,1994,0.771
URY,1995,0.796
URY,1996,0.8
URY,1997,0.796
URY,1998,0.808
URY,1999,0.808
URY,2000,0.808
URY,2001,0.813
URY,2002,0.813
URY,2003,0.799
URY,2004,0.816
URY,2005,0.827
URY,2006,0.829
URY,2007,0.829
URY,2008,0.83
URY,2009,0.832
URY,2010,0.853
URY,2011,0.851
URY,2012,0.851
URY,2013,0.847
URY,2014,0.846
URY,2015,0.835
URY,2016,0.835
URY,2017,0.836
URY,2018,0.841
URY,2019,0.84
URY,2020,0.812
USA,1990,0.806
USA,1991,0.805
USA,1992,0.811
USA,1993,0.807
USA,1994,0.808
USA,1995,0.812
USA,1996,0.811
USA,1997,0.809
USA,1998,0.809
USA,1999,0.812
USA,2000,0.814
USA,2001,0.767
USA,2002,0.768
USA,2003,0.805
USA,2004,0.806
USA,2005,0.799
USA,2006,0.807
USA,2007,0.842
USA,2008,0.846
USA,2009,0.856
USA,2010,0.854
USA,2011,0.849
USA,2012,0.849
USA,2013,0.853
USA,2014,0.853
USA,2015,0.854
USA,2016,0.838
USA,2017,0.753
USA,2018,0.74
USA,2019,0.737
USA,2020,0.729
UZB,1990,0.07
UZB,1991,0.072
UZB,1992,0.056
UZB,1993,0.049
UZB,1994,0.045
UZB,1995,0.04
UZB,1996,0.04
UZB,1997,0.039
UZB,1998,0.037
UZB,1999,0.034
UZB,2000,0.034
UZB,2001,0.032
UZB,2002,0.033
UZB,2003,0.034
UZB,2004,0.034
UZB,2005,0.031
UZB,2006,0.032
UZB,2007,0.032
UZB,2008,0.033
UZB,2009,0.033
UZB,2010,0.034
UZB,2011,0.036
UZB,2012,0.036
UZB,2013,0.037
UZB,2014,0.036
UZB,2015,0.036
UZB,2016,0.037
UZB,2017,0.052
UZB,2018,0.064
UZB,2019,0.077
UZB,2020,0.084
VEN,1990,0.599
VEN,1991,0.621
VEN,1992,0.617
VEN,1993,0.621
VEN,1994,0.605
VEN,1995,0.608
VEN,1996,0.608
VEN,1997,0.606
VEN,1998,0.586
VEN,1999,0.443
VEN,2000,0.31
VEN,2001,0.286
VEN,2002,0.258
VEN,2003,0.241
VEN,2004,0.217
VEN,2005,0.183
VEN,2006,0.168
VEN,2007,0.164
VEN,2008,0.163
VEN,2009,0.161
VEN,2010,0.157
VEN,2011,0.152
VEN,2012,0.147
VEN,2013,0.111
VEN,2014,0.1
VEN,2015,0.104
VEN,2016,0.115
VEN,2017,0.085
VEN,2018,0.06
VEN,2019,0.059
VEN,2020,0.057
VNM,1990,0.075
VNM,1991,0.077
VNM,1992,0.079
VNM,1993,0.08
VNM,1994,0.083
VNM,1995,0.083
VNM,1996,0.087
VNM,1997,0.087
VNM,1998,0.087
VNM,1999,0.093
VNM,2000,0.095
VNM,2001,0.096
VNM,2002,0.095
VNM,2003,0.095
VNM,2004,0.094
VNM,2005,0.11
VNM,2006,0.111
VNM,2007,0.111
VNM,2008,0.111
VNM,2009,0.111
VNM,2010,0.113
VNM,2011,0.112
VNM,2012,0.112
VNM,2013,0.118
VNM,2014,0.118
VNM,2015,0.118
VNM,2016,0.122
VNM,2017,0.119
VNM,2018,0.116
VNM,2019,0.121
VNM,2020,0.109
VUT,1990,0.567
VUT,1991,0.556
VUT,1992,0.507
VUT,1993,0.507
VUT,1994,0.513
VUT,1995,0.513
VUT,1996,0.511
VUT,1997,0.511
VUT,1998,0.51
VUT,1999,0.51
VUT,2000,0.51
VUT,2001,0.51
VUT,2002,0.51
VUT,2003,0.51
VUT,2004,0.509
VUT,2005,0.508
VUT,2006,0.508
VUT,2007,0.508
VUT,2008,0.539
VUT,2009,0.602
VUT,2010,0.603
VUT,2011,0.603
VUT,2012,0.604
VUT,2013,0.609
VUT,2014,0.609
VUT,2015,0.619
VUT,2016,0.653
VUT,2017,0.666
VUT,2018,0.663
VUT,2019,0.642
VUT,2020,0.629
XKX,1999,0.142
XKX,2000,0.156
XKX,2001,0.164
XKX,2002,0.346
XKX,2003,0.376
XKX,2004,0.376
XKX,2005,0.367
XKX,2006,0.367
XKX,2007,0.366
XKX,2008,0.363
XKX,2009,0.375
XKX,2010,0.387
XKX,2011,0.376
XKX,2012,0.383
XKX,2013,0.363
XKX,2014,0.41
XKX,2015,0.447
XKX,2016,0.446
XKX,2017,0.397
XKX,2018,0.466
XKX,2019,0.492
XKX,2020,0.484
YEM,1990,0.115
YEM,1991,0.153
YEM,1992,0.153
YEM,1993,0.164
YEM,1994,0.152
YEM,1995,0.136
YEM,1996,0.136
YEM,1997,0.139
YEM,1998,0.135
YEM,1999,0.134
YEM,2000,0.139
YEM,2001,0.138
YEM,2002,0.139
YEM,2003,0.154
YEM,2004,0.156
YEM,2005,0.155
YEM,2006,0.155
YEM,2007,0.155
YEM,2008,0.156
YEM,2009,0.157
YEM,2010,0.156
YEM,2011,0.146
YEM,2012,0.168
YEM,2013,0.154
YEM,2014,0.125
YEM,2015,0.069
YEM,2016,0.038
YEM,2017,0.036
YEM,2018,0.037
YEM,2019,0.04
YEM,2020,0.035
YMD,1990,0.091
ZAF,1990,0.14
ZAF,1991,0.149
ZAF,1992,0.149
ZAF,1993,0.16
ZAF,1994,0.294
ZAF,1995,0.516
ZAF,1996,0.558
ZAF,1997,0.558
ZAF,1998,0.553
ZAF,1999,0.591
ZAF,2000,0.629
ZAF,2001,0.629
ZAF,2002,0.629
ZAF,2003,0.627
ZAF,2004,0.643
ZAF,2005,0.651
ZAF,2006,0.652
ZAF,2007,0.658
ZAF,2008,0.657
ZAF,2009,0.651
ZAF,2010,0.659
ZAF,2011,0.655
ZAF,2012,0.658
ZAF,2013,0.639
ZAF,2014,0.632
ZAF,2015,0.64
ZAF,2016,0.636
ZAF,2017,0.622
ZAF,2018,0.624
ZAF,2019,0.607
ZAF,2020,0.601
ZMB,1990,0.158
ZMB,1991,0.245
ZMB,1992,0.34
ZMB,1993,0.355
ZMB,1994,0.378
ZMB,1995,0.378
ZMB,1996,0.379
ZMB,1997,0.373
ZMB,1998,0.373
ZMB,1999,0.373
ZMB,2000,0.378
ZMB,2001,0.392
ZMB,2002,0.405
ZMB,2003,0.405
ZMB,2004,0.405
ZMB,2005,0.416
ZMB,2006,0.419
ZMB,2007,0.419
ZMB,2008,0.424
ZMB,2009,0.424
ZMB,2010,0.417
ZMB,2011,0.417
ZMB,2012,0.419
ZMB,2013,0.378
ZMB,2014,0.377
ZMB,2015,0.358
ZMB,2016,0.31
ZMB,2017,0.262
ZMB,2018,0.259
ZMB,2019,0.278
ZMB,2020,0.263
ZWE,1990,0.221
ZWE,1991,0.223
ZWE,1992,0.223
ZWE,1993,0.223
ZWE,1994,0.223
ZWE,1995,0.223
ZWE,1996,0.225
ZWE,1997,0.228
ZWE,1998,0.226
ZWE,1999,0.227
ZWE,2000,0.174
ZWE,2001,0.166
ZWE,2002,0.167
ZWE,2003,0.156
ZWE,2004,0.152
ZWE,2005,0.151
ZWE,2006,0.151
ZWE,2007,0.151
ZWE,2008,0.147
ZWE,2009,0.176
ZWE,2010,0.196
ZWE,2011,0.197
ZWE,2012,0.197
ZWE,2013,0.204
ZWE,2014,0.207
ZWE,2015,0.207
ZWE,2016,0.201
ZWE,2017,0.222
ZWE,2018,0.209
ZWE,2019,0.195
ZWE,2020,0.187
ZZB,1990,0.122
ZZB,1991,0.123
ZZB,1992,0.122
ZZB,1993,0.125
ZZB,1994,0.125
ZZB,1995,0.184
ZZB,1996,0.2
ZZB,1997,0.199
ZZB,1998,0.199
ZZB,1999,0.202
ZZB,2000,0.212
ZZB,2001,0.214
ZZB,2002,0.218
ZZB,2003,0.22
ZZB,2004,0.216
ZZB,2005,0.218
ZZB,2006,0.222
ZZB,2007,0.222
ZZB,2008,0.225
ZZB,2009,0.226
ZZB,2010,0.235
ZZB,2011,0.246
ZZB,2012,0.247
ZZB,2013,0.249
ZZB,2014,0.247
ZZB,2015,0.233
ZZB,2016,0.213
ZZB,2017,0.214
ZZB,2018,0.218
ZZB,2019,0.211
ZZB,2020,0.207
