iso3,year,disaster_deaths_per_100k
AFG,2000,0.04605233
AFG,2001,1.74720093
AFG,2002,6.195161777
AFG,2006,1.501398452
AFG,2008,4.983501
AFG,2011,0.283768866
AFG,2018,0.308012803
AFG,2019,0.55865187
AFG,2021,0.987544482
AFG,2022,3.24590293
AFG,2023,6.34945338
AFG,1991,13.2803881
AFG,1992,5.09229342
AFG,1995,2.32049492
AFG,1996,0.4091988
AFG,1997,0.983764074
AFG,1998,38.51699822
AFG,1999,0.36339372
AFG,2003,0.604986459
AFG,2004,0.076421588
AFG,2005,2.334994086
AFG,2007,1.1427113
AFG,2009,0.36881087
AFG,2010,1.241589484
AFG,2012,1.24070765
AFG,2013,0.491420508
AFG,2014,1.75753827
AFG,2015,1.32134443
AFG,2016,0.24252075
AFG,2017,0.634058116
AFG,2020,0.84162482
AFG,2024,0.244391944
AFG,1994,1.0352261
AFG,1993,1.606710974
AFG,1990,1.3464482
ALB,1989,0
ALB,1990,0
ALB,1991,0
ALB,1992,0.3329562
ALB,1995,0.121788956
ALB,1997,0
ALB,2002,0.224103703
ALB,2004,0.097955056
ALB,2005,0.164873064
ALB,2009,0
ALB,2010,0
ALB,2015,0.034692325
ALB,2016,0.069418795
ALB,2017,0.243109498
ALB,2018,0
ALB,2021,0
ALB,1998,0
ALB,2019,1.7746025
ALB,2007,0
ALB,2012,0.17287931
ALB,2022,12.384258
DZA,1992,0.07850966
DZA,1993,0.135261974
DZA,1994,0.83401923
DZA,1996,0.013800413
DZA,1997,0.013570349
DZA,1999,0.11204081
DZA,2000,0.155972661
DZA,2001,2.95183
DZA,2002,0.1517801
DZA,2003,7.39021941
DZA,2004,0.067671105
DZA,2005,0.066754276
DZA,2006,0.014954353
DZA,2007,0.264831783
DZA,2008,0.26902255
DZA,2009,0.13637897
DZA,2011,0.027364612
DZA,2012,0.18518236
DZA,2015,0.030346598
DZA,2018,0.014310584
DZA,2021,0.233147915
DZA,2023,0.092092178
DZA,2024,0
DZA,1989,0.08839063
DZA,2014,0.015479809
DZA,2020,0
DZA,2017,0
DZA,2019,0.018733006
DZA,2022,0.0979885
ASM,2003,10.351609
ASM,2009,61.387356
ASM,1989,0
ASM,2004,0
ASM,2005,0
AGO,1989,0
AGO,1990,0
AGO,1991,0
AGO,1992,0
AGO,1997,0
AGO,1998,0
AGO,2001,0.67880312
AGO,2004,0.14916524
AGO,2005,0
AGO,2012,0
AGO,2013,0.03442076
AGO,2017,0.03641343
AGO,2020,0.10470111
AGO,2021,0.06376114
AGO,2022,0
AGO,2000,0.35988628
AGO,2002,0.045672163
AGO,2003,0.08276161
AGO,2006,0
AGO,2007,0.5021595
AGO,2008,0.03227067
AGO,2009,0.2754616
AGO,2010,0.10700133
AGO,2011,0.5358809
AGO,2015,0.26664084
AGO,2016,0.38758704
AGO,2018,0.025580732
AGO,2019,0.21326844
AGO,2023,0.22898135
AIA,1999,0
AIA,2017,26.595745
ATG,1989,3.1418383
ATG,1990,0
ATG,1995,2.92325
ATG,1998,2.7552383
ATG,1999,2.7088158
ATG,2008,0
ATG,2010,0
ATG,2017,1.0972973
ARG,2003,0.101885765
ARG,2009,0.056532804
ARG,2018,0.004503126
ARG,2019,0.017878887
ARG,2020,0.011102222
ARG,2021,0.041964107
ARG,1990,0.06434285
ARG,1992,0.13405512
ARG,1993,0.04408233
ARG,1995,0.01716929
ARG,1997,0
ARG,1998,0.052438103
ARG,2000,0.09980909
ARG,2001,0.093381908
ARG,2002,0.018476958
ARG,2004,0.025860644
ARG,2006,0
ARG,2007,0.047647569
ARG,2008,0
ARG,2012,0.059591395
ARG,2013,0.132112029
ARG,2014,0.063048663
ARG,2015,0.03698818
ARG,2016,0.006869982
ARG,2017,0.00226991
ARG,2023,0.032769773
ARG,2024,0.002171182
ARG,2005,0.028154232
ARG,2010,0.102189474
ARG,1991,0
ARG,2011,0
ARG,1994,0.06958802
ARG,1999,0
ARG,2022,0
ARM,2000,0
ARM,1997,0.12227099
ARM,1998,0
ARM,2004,0.032618467
ARM,2013,0
ARM,2018,0
ARM,2019,0
ARM,2020,0
ARM,2023,0
ARM,2014,0
ARM,2016,0
AUS,1991,0.02895011
AUS,1992,0.011453114
AUS,1993,0.102089933
AUS,1994,0.202184661
AUS,1995,0.049991661
AUS,2002,0.010269132
AUS,2006,0.019543625
AUS,2018,0
AUS,1989,0.196468498
AUS,1990,0.04106053
AUS,1996,0.11530954
AUS,1997,0.114066867
AUS,1998,0.10751725
AUS,2000,0.005258185
AUS,2001,0.031171834
AUS,2003,0.030458391
AUS,2004,0.030112832
AUS,2005,0.07931892
AUS,2007,0.05280634
AUS,2008,0.037650823
AUS,2009,2.469888411
AUS,2010,0.027248988
AUS,2011,0.138658836
AUS,2012,0.017598452
AUS,2015,0.06716977
AUS,2016,0.033063718
AUS,2019,0.094647794
AUS,2020,0.046747083
AUS,2021,0.027005033
AUS,2022,0.11842272
AUS,2023,0.03782275
AUS,1999,0.042551172
AUS,2013,0.038941168
AUS,2014,0.600777741
AUS,2017,0.04879966
AUT,1991,0.06446921
AUT,1995,0.025165802
AUT,1996,0
AUT,1997,0.03765492
AUT,1999,0.66321444
AUT,2002,0.148533346
AUT,2005,0.048620194
AUT,2006,0
AUT,2009,0.035958552
AUT,2013,0.047172360000000003
AUT,2016,0
AUT,2021,0.011208141
AUT,1998,0
AUT,1990,0.039068952
AUT,1993,0
AUT,1994,0
AUT,2000,0.16228852
AUT,2007,0.06027931
AUT,2008,0.04807037
AUT,2017,0.056834348
AUT,2019,0.135136062
AUT,2022,4.6870017
AUT,2003,4.2487135
AUT,2012,0.059314508
AUT,2023,0.08929607
AZE,2000,0.51279916
AZE,1995,0.063376695
AZE,1997,0.13749883
AZE,2003,0
AZE,2009,0
AZE,2010,0.032477364
AZE,1998,0.01243611
AZE,1999,0.012343474
AZE,2012,0.052711606
BHS,2013,0
BHS,1990,0
BHS,1992,1.4185302
BHS,1995,0
BHS,1999,0.31222486
BHS,2001,0
BHS,2004,3.497553
BHS,2005,0.28750917
BHS,2007,0.27958107
BHS,2008,0
BHS,2011,0
BHS,2012,0.26173007
BHS,2015,8.403212
BHS,2016,0
BHS,2017,0
BHS,2019,87.996185
BGD,1989,1.111601856
BGD,2009,0.17722422
BGD,1990,0.953823946
BGD,1991,127.5653496
BGD,1992,0.106046344
BGD,1993,0.56957066
BGD,1994,0.302729142
BGD,1995,1.37019635
BGD,1996,0.73492077
BGD,1997,0.458868823
BGD,1998,1.19903046
BGD,1999,0.260345128
BGD,2000,0.147840444
BGD,2001,0.192146314
BGD,2002,0.282540988
BGD,2003,0.646871217
BGD,2004,0.793286399
BGD,2005,0.200124068
BGD,2006,0.143028585
BGD,2007,3.90950401
BGD,2008,0.04676068
BGD,2010,0.131409465
BGD,2011,0.067904477
BGD,2012,0.194620765
BGD,2014,0.050653588
BGD,2015,0.100741301
BGD,2016,0.123916843
BGD,2017,0.19963661
BGD,2018,0.06231521
BGD,2019,0.157084302
BGD,2020,0.169034997
BGD,2021,0.014171311
BGD,2022,0.102811924
BGD,2023,0.011563747
BGD,2013,0.063623909
BRB,2010,0
BRB,2007,0
BRB,1995,0
BRB,2002,0
BRB,2004,0.37242007
BRB,2017,0.35816747
BRB,2021,0
BRB,2023,0
BLR,1993,0
BLR,1996,0
BLR,1999,0.019401876
BLR,2018,0
BLR,2023,0
BLR,1997,0.048072644
BLR,2007,0
BLR,2000,0
BLR,2006,0.05063445
BLR,2012,0
BLR,2013,0.0412748
BLR,2014,0.02063187
BLR,2017,0.4429394
BEL,1993,0
BEL,1994,0
BEL,1998,0.009814948
BEL,2002,0.06759648
BEL,2003,11.295307
BEL,2005,0.019016868
BEL,2010,0.03677164
BEL,2011,0.04563817
BEL,2016,0.017672782
BEL,2021,0.33587635
BEL,2023,0.01711428
BEL,1992,0
BEL,1990,0.16064958
BEL,1995,0.059434164
BEL,1999,0.01956139
BEL,2007,0.018772824
BEL,2008,0
BEL,2013,0
BEL,2014,0
BEL,2018,0.008734694
BEL,2020,15.136162
BEL,2022,3.74058766
BEL,2006,8.8821945
BEL,2009,0.009258096
BEL,2012,0.027195739
BEL,2015,3.6449933
BEL,2019,5.673047
BLZ,1990,0
BLZ,1995,0
BLZ,2008,2.617056
BLZ,2015,0
BLZ,1998,4.0014763
BLZ,2000,5.823143
BLZ,2001,12.09146
BLZ,2005,1.0699536
BLZ,2007,0
BLZ,2010,0
BLZ,2016,0
BLZ,2020,0
BLZ,2022,0
BEN,1991,0.05667804
BEN,1994,0
BEN,1995,0.3307692
BEN,1996,0.17730896
BEN,1997,0
BEN,1998,0
BEN,1999,0.04419176
BEN,2007,0.11563687
BEN,2008,0.16841686
BEN,2009,0.109021366
BEN,2010,0.48699325
BEN,2011,0
BEN,2012,0.039943732
BEN,2013,0.009700516
BEN,2020,0.047456637
BEN,2021,0.10002384
BEN,2022,0.32951733
BMU,1989,0
BMU,2003,6.4010242999999996
BTN,1994,7.4817558
BTN,2000,34.059364
BTN,2004,0
BTN,2021,1.2861736
BTN,2009,3.2966308
BTN,2011,0.140186
BTN,1999,0
BOL,1990,0
BOL,1994,0.064988
BOL,2000,0.41896244
BOL,2004,0.5208174
BOL,2005,0
BOL,2008,0.57688844
BOL,2009,0
BOL,2010,0.293447976
BOL,2013,0.99596475
BOL,2014,1.15416417
BOL,2016,0.035514466
BOL,2023,0.27444642
BOL,1992,0.716756966
BOL,1997,0.6881613
BOL,1999,0.035548996
BOL,2001,0.57168421
BOL,2002,1.07858008
BOL,2003,1.04886776
BOL,2006,0.26198137
BOL,2007,0.5972513
BOL,2011,0.5001804
BOL,2012,0.12299312
BOL,2015,0.36068237
BOL,2018,0.05169336
BOL,2019,0.70474447
BOL,2020,0.25971483
BOL,2021,0.38081127
BOL,2022,0.52355534
BOL,2024,0
BOL,1998,1.8704152
BOL,1996,0.50066507
BIH,2000,0.14356282
BIH,2003,0
BIH,2001,0
BIH,2004,0
BIH,2005,0.09769687
BIH,2009,0.025788117
BIH,2010,0.131195958
BIH,2014,0.7280731
BIH,2015,0
BIH,2019,0.029755546
BIH,2020,0
BIH,2021,0
BIH,2022,0.061851908
BIH,2023,0.031144353
BIH,1999,0
BIH,2007,0
BIH,2012,0.10886202
BWA,1992,0
BWA,2015,0
BWA,2019,0
BWA,1995,1.2956381
BWA,2000,0.17371245
BWA,2004,0
BWA,2009,0
BWA,2011,0
BWA,2013,0.5412024
BWA,2017,0
BWA,2018,0
BRA,1994,0
BRA,1998,0.008185229
BRA,1999,0.018445264
BRA,2001,0.054990717
BRA,2002,0.057625173
BRA,2004,0.075248191
BRA,2005,0.026231636
BRA,2007,0.036691582
BRA,2010,0.231724915
BRA,2012,0.010001115
BRA,2013,0.053043355
BRA,2014,0.027032387
BRA,2015,0.013646008
BRA,2016,0.01595285
BRA,2020,0.076455366
BRA,2021,0.022862345
BRA,2022,0.25126153
BRA,2023,0.079012139
BRA,1989,0.204724986
BRA,1990,0.015925
BRA,1991,0.02869507
BRA,1992,0.087876398
BRA,1995,0.1455521
BRA,1996,0.112023144
BRA,1997,0.055177585
BRA,2000,0.06538783
BRA,2003,0.08487139
BRA,2006,0.01059206
BRA,2008,0.105360228
BRA,2009,0.049352873
BRA,2011,0.4909547
BRA,2017,0.006714468
BRA,2018,0.010467886
BRA,2019,0.02219254
BRA,2024,0.027568804
VGB,1996,0
VGB,2017,29.916235
BRN,1998,0
BGR,2000,0.17288872
BGR,2001,0.024891526
BGR,1997,0
BGR,1998,0.036430165
BGR,2002,0.012539493
BGR,2005,0.4990262
BGR,2006,0.23177835
BGR,2007,0.220234788
BGR,2010,0.039513867
BGR,2012,0.50745511
BGR,2014,0.284856158
BGR,2015,0.068406425
BGR,2018,0
BGR,2021,0
BGR,2022,18.829378
BGR,2023,0.119622306
BGR,1990,0.011405398
BGR,1993,0
BGR,1999,0
BGR,2008,0.13029465
BFA,1990,0
BFA,1995,0
BFA,1996,0
BFA,1998,0
BFA,2001,0
BFA,2011,0
BFA,2012,0.10517867
BFA,2014,0
BFA,2020,0.060401533
BFA,2022,0
BFA,1994,0.21801044
BFA,1999,0.05202211
BFA,2003,0
BFA,2006,0
BFA,2007,0.35237342
BFA,2008,0.039479095
BFA,2009,0.05750792
BFA,2010,0.09927498
BFA,2013,0.011340174
BFA,2015,0.04273956
BFA,2016,0.077818975
BFA,2017,0.010082749
BDI,1999,0
BDI,2000,0.031707454
BDI,2001,0.061864622
BDI,2003,0
BDI,2004,0.04213186
BDI,2005,1.4887258
BDI,2006,0.41785308
BDI,2008,0.108720444
BDI,2009,0
BDI,2010,0.09861272
BDI,2011,0.12690708
BDI,1989,0.22330958
BDI,2002,0
BDI,2007,0.062935725
BDI,2014,0.9147283
BDI,2015,0.4194962
BDI,2016,0.1650872
BDI,2018,0
BDI,2019,0.51369123
BDI,2020,0.040915763
BDI,2021,0
BDI,2023,0.15862754
BDI,2024,0
BDI,2017,0.053784683
KHM,1994,4.75727
KHM,1995,0
KHM,1996,0.52760476
KHM,2001,0.45387504
KHM,2002,0.23085895
KHM,2005,0.12078582
KHM,2016,0
KHM,1991,1.079988
KHM,1999,0.058828425
KHM,2000,2.8633094
KHM,2004,0
KHM,2006,0.037098095
KHM,2007,0.014582789
KHM,2010,0.0556966
KHM,2011,1.6948112
KHM,2012,0.09468
KHM,2013,1.3333608
KHM,2014,0.2958421
KHM,2015,0
KHM,2018,0
KHM,2019,0.07403867
KHM,2021,0.006028079
KHM,2022,0.184877596
KHM,1997,0.21869247
KHM,2009,0.13422115
KHM,2020,0.26834399
KHM,2023,0
CMR,1990,0
CMR,1991,0.016981214
CMR,2001,0.19363263
CMR,2005,0.011577307
CMR,2012,0.11886262
CMR,2022,0.075229604
CMR,1994,0.046696737
CMR,1999,0.16327669
CMR,2000,0.019878611
CMR,2007,0.04383113
CMR,2008,0.04793077
CMR,2010,0.06539879
CMR,2013,0
CMR,2014,0
CMR,2015,0.017381744
CMR,2017,0.012298519
CMR,2020,0
CMR,2003,0.12229182
CMR,2019,0.20944567
CMR,2023,0.09424974
CAN,1990,0.028925553
CAN,1993,0
CAN,1995,0.006828402
CAN,1996,0.033790797
CAN,1997,0.01673206
CAN,1998,0.10283692
CAN,2002,0
CAN,2003,0.022138268
CAN,2004,0
CAN,2005,0.012416224
CAN,2006,0.003073909
CAN,2007,0.018257916
CAN,2008,0
CAN,2009,0.005953458
CAN,2011,0.023307621
CAN,2012,0
CAN,2013,0.039927336
CAN,2014,0
CAN,2016,0
CAN,2017,0.0054713060000000004
CAN,2018,0.18900907
CAN,2019,0.005330123
CAN,2020,0.002639309
CAN,2021,2.154369714
CAN,2022,0.04420829
CAN,2023,0.025785631
CAN,1989,0.003670478
CAN,1991,0
CAN,1994,0
CAN,1999,0.023026485
CAN,2000,0.0358501
CAN,2001,0.035480704
CAN,2010,0
CAN,1992,0
CAN,2015,0
CPV,1992,0
CPV,1998,0
CPV,2002,0
CPV,2017,0
CPV,2022,0
CPV,2009,0.5817979
CPV,2020,0.1716308
CPV,2015,1.6299357
CPV,1995,0
CPV,2014,0
CYM,2001,0
CYM,2002,0
CYM,2004,4.413939
CYM,2008,0
CAF,2022,0.28678215
CAF,1995,0
CAF,1996,0.20811184
CAF,1998,0
CAF,1999,0
CAF,2003,0
CAF,2004,0.07290142
CAF,2005,0.023759488
CAF,2007,0.022854103
CAF,2008,0
CAF,2009,0.087631973
CAF,2010,0.06437677
CAF,2011,0.021132547
CAF,2013,0
CAF,2017,0
CAF,2019,0
CAF,2021,0
CAF,2001,0.078027874
CAF,2012,0
CAF,2015,0.020749725
CAF,2023,0
CAF,2002,0.02544106
TCD,1993,0
TCD,1997,0
TCD,2001,1.171124
TCD,2009,0.05219144
TCD,2010,0.20176996
TCD,2012,0.15680234
TCD,2013,0
TCD,2017,0
TCD,2022,0.1241303
TCD,1991,0.6454354
TCD,1995,0.029032372
TCD,1998,0
TCD,1999,0
TCD,2006,0.5016584
TCD,2007,0.2704533
TCD,2008,0
TCD,2019,0.32244328
TCD,2020,0.018023748
TCD,2021,0.18626587
CHL,1991,1.0396738
CHL,1989,0.15995581
CHL,1990,0
CHL,1993,0.82152321
CHL,1995,0.228899643
CHL,1997,0.297110818
CHL,2000,0.10422228
CHL,2001,0.0386499
CHL,2002,0.121066935
CHL,2004,0.01872897
CHL,2005,0.377117858
CHL,2006,0.11019572
CHL,2008,0.054016866
CHL,2012,0.051897814
CHL,2014,0.101769045
CHL,2015,1.141570297
CHL,2016,0.06635744
CHL,2017,0.228651286
CHL,2019,0.042017946
CHL,2021,0
CHL,2023,0.168113563
CHL,2007,0.109120388
CHL,2010,3.3050723
CHL,1992,0
CHL,2011,0
CHL,2013,0
CHL,1999,0
CHL,2003,0
CHL,2022,0.015303206
CHL,2024,2.1923978
CHN,1991,0.368776992
CHN,1992,0.122401053
CHN,1993,0.130868638
CHN,1994,0.265305676
CHN,1995,0.199976285
CHN,1997,0.131927462
CHN,1999,0.13756208
CHN,2000,0.052448422
CHN,2001,0.072442157
CHN,2002,0.111325703
CHN,2003,0.084725162
CHN,2005,0.078167657
CHN,2006,0.160613929
CHN,2008,6.64954017
CHN,2009,0.043461195
CHN,2010,0.533010395
CHN,2011,0.054970344
CHN,2013,0.101373421
CHN,2014,0.113702842
CHN,2015,0.035875329
CHN,2016,0.091804657
CHN,2017,0.036446769
CHN,2021,0.031909816
CHN,2022,0.019847289
CHN,2023,0.027074964
CHN,1989,0.27864589
CHN,1990,0.114760786
CHN,1996,0.456892061
CHN,1998,0.360993703
CHN,2004,0.062229299
CHN,2007,0.087021458
CHN,2012,0.058687476
CHN,2018,0.024981133
CHN,2019,0.040158551
CHN,2020,0.032492828
CHN,2024,0.003788998
COL,1998,0.27408513
COL,2015,0.220714347
COL,2016,0.020996952
COL,2024,0
COL,1989,0.050120406
COL,1990,0.030673534
COL,1993,0.491120381
COL,1994,0.8726335
COL,1995,0.3919922
COL,1996,0.046406784
COL,1997,0.005363088
COL,1999,3.30698122
COL,2000,0.293254111
COL,2001,0.24850723
COL,2002,0.3337119
COL,2003,0.2800937
COL,2004,0.27852296
COL,2005,0.4263287
COL,2006,0.35068923
COL,2007,0.5033876
COL,2008,0.33093451
COL,2009,0.13765427
COL,2010,1.20715536
COL,2011,0.87400055
COL,2012,0.16818683
COL,2013,0.015139087
COL,2014,0.188525864
COL,2017,0.79418147
COL,2018,0.052762985
COL,2019,0.167372676
COL,2020,0.12958796
COL,2021,0.081527186
COL,2022,0.30072853
COL,2023,0.061437837
COL,1991,0.321585626
COL,1992,0.03241105
COM,2009,0.31128502
COM,2012,0.5843135
COM,2014,0
COM,1989,0
COM,2003,0
COM,2019,1.011387
COM,1991,0
COM,2005,0.16872199
COM,2006,0
COG,1994,0
COG,1998,0
COG,1999,0.06629847
COG,2002,0
COG,2003,0
COG,2005,0.02722685
COG,2006,0.157343
COG,2007,0
COG,2012,0.403118
COG,2019,0
COG,2020,0.35074288
COG,2021,0.4112537
COG,2022,0
COG,2023,0.16375004
COG,2024,0.11209771
COK,1990,5.831924
COK,1997,107.917755
COK,2001,0
COK,2005,0
COK,2010,0
CRI,1994,0.05732042
CRI,1998,0.20934583
CRI,2015,0
CRI,2019,0
CRI,1991,1.481747134
CRI,1993,0.352384
CRI,1996,1.64103244
CRI,1999,0.2306846
CRI,2001,0
CRI,2002,0.24256372
CRI,2003,0.071622821
CRI,2004,0.235139038
CRI,2005,0.139021021
CRI,2007,0.4279257
CRI,2008,0.24434014
CRI,2010,0.5841311
CRI,2011,0.08547142
CRI,2012,0.168897774
CRI,2018,0.019838365
CRI,2021,0.05820768
CRI,1990,0.031663034
CRI,2009,0.6793581
CRI,1995,0
CRI,2016,0.18199448
CRI,2017,0.26032025
CRI,2020,0
CRI,2022,0
CRI,1992,0
CRI,2000,0.17591524
CIV,1989,0
CIV,1996,0.18904938
CIV,2007,0
CIV,2008,0.02963775
CIV,2010,0.08522711
CIV,2014,0.20003867
CIV,2015,0.06780598
CIV,2016,0.08259814
CIV,2017,0.060366973
CIV,2018,0.07844986
CIV,2019,0.045893412
CIV,2020,0.089512855
CIV,2022,0.046163876
CIV,2009,0.13057506
HRV,2003,17.663643
HRV,2000,0.90140837
HRV,2001,0
HRV,2005,0.15802471
HRV,2006,0
HRV,2010,0
HRV,2012,0.1616034
HRV,2014,0.070028536
HRV,2015,0
HRV,2018,0
HRV,2019,0.024214547
HRV,2022,18.137333
HRV,2023,0.024946272
HRV,1996,0
HRV,2020,0.21967979
HRV,2017,0
HRV,1997,0
HRV,2007,0.2723842
CUB,1993,0.470439186
CUB,1998,0.05437855
CUB,2000,0.01800861
CUB,2001,0.04488681
CUB,2004,0.035633802
CUB,2015,0.026455287
CUB,1990,0.03764111
CUB,1992,0
CUB,1994,0.128591329
CUB,1995,0.018303774
CUB,1996,0.027364682
CUB,1997,0
CUB,2002,0.026857525
CUB,2003,0
CUB,2006,0.017760986
CUB,2007,0.008873201
CUB,2008,0.06207541
CUB,2012,0.123792009
CUB,2013,0.017665375
CUB,2022,0.08026972
CUB,2023,0.053598
CUB,1999,0.03613339
CUB,2005,0.17783922
CUB,2016,0
CUB,2017,0.08821139
CUB,2018,0.07944745
CUB,2019,0.053018995
CUB,2020,0
CUB,2021,0
CYP,1991,0
CYP,2000,0.5272938
CYP,2024,0
CYP,1995,0.23190583
CYP,2003,0
CYP,2004,0
CYP,1998,5.685129
CYP,2007,0.37248284
CYP,2022,8.070367
CYP,2021,0.32149354
CZE,1996,0.009712837
CZE,1997,0.28212747
CZE,1998,0.05845767
CZE,2000,0
CZE,2002,0.19534742
CZE,2005,0.029182532
CZE,2006,0.1843797
CZE,2009,0.143933008
CZE,2010,0.21978547
CZE,2013,0.1426595
CZE,2021,0.057084426
CZE,2023,0
CZE,2007,0.038692836
CZE,2008,0.019270448
CZE,2017,0
CZE,2020,0.009495819
CZE,2022,2.668193964
CZE,2003,4.0788293
CZE,2012,0.3044411
CZE,2018,0.028477594
COD,2022,0.22522928
COD,1990,0.063911
COD,1994,0.09394877
COD,1997,0
COD,1999,0.004234844
COD,2001,0.123736042
COD,2002,0.464557375
COD,2003,0.0545055
COD,2006,0.006851469
COD,2007,0.053077303
COD,2008,0.057831585
COD,2009,0
COD,2010,0.081336009
COD,2011,0
COD,2012,0.001408493
COD,2014,0.217003639
COD,2015,0.06992393
COD,2016,0.061401695
COD,2017,0.331026544
COD,2018,0.05856189
COD,2019,0.088980939
COD,2020,0.089388445
COD,2023,3.01771483
COD,1992,0.023478894
COD,2005,0.024756746
COD,2024,0.001893489
COD,2021,0.033370137
COD,1989,0
DNK,1992,0
DNK,1990,0.019437758
DNK,1999,0.13158251
DNK,2002,0.018591853
DNK,2005,0.07357927
DNK,2007,0
DNK,2010,0
DNK,2013,0.03555307
DNK,2022,4.301068871
DJI,1996,0
DJI,2001,0
DJI,2005,0
DJI,2006,0
DJI,2007,0
DJI,2008,0
DJI,2009,0
DJI,2010,0
DJI,2011,0
DJI,2022,0
DJI,1989,1.9189659
DJI,1993,0
DJI,1994,23.256485
DJI,2004,6.231824
DJI,2019,1.0242095
DJI,2020,0.7338359
DJI,1995,0
DJI,2018,0.18917824
DMA,2004,0
DMA,1989,0
DMA,1995,2.8891714
DMA,1999,0
DMA,2007,2.9074416
DMA,2011,0
DMA,2015,42.84062
DMA,2017,90.88069
DOM,1991,0.13739264
DOM,1993,0.39598298
DOM,1996,0.336981264
DOM,2002,0.034109887
DOM,2003,0.235429776
DOM,2004,7.77385268
DOM,2005,0.130936184
DOM,2007,1.86126478
DOM,2009,0.07255344
DOM,2010,0.07160571
DOM,2011,0.11106912
DOM,2012,0.07975368
DOM,2013,0
DOM,2014,0.009725625
DOM,2015,0.01921999
DOM,2016,0.19947588
DOM,2018,0
DOM,2022,0.01781131
DOM,2023,0.335304856
DOM,1989,0
DOM,1995,0.13977565
DOM,1998,4.189746
DOM,2001,0.034605917
DOM,2008,0.13651226
DOM,2017,0.046960495
DOM,2020,0.0545471
DOM,2021,0.017989052
TLS,2007,0.0980999
TLS,2016,0
TLS,2001,0.111981705
TLS,2003,0.32372063
TLS,2004,0
TLS,2008,0
TLS,2020,0.23076959
TLS,2015,0
TLS,2006,0
TLS,2021,3.1038408
ECU,1997,1.1428248
ECU,2009,0.02034896
ECU,2010,0.093398206
ECU,2013,0.15264274
ECU,1989,0.3427948
ECU,1992,0.20157185
ECU,1998,0.909859085
ECU,2000,0.61774783
ECU,2001,0.4515192
ECU,2002,0.6962181
ECU,2003,0
ECU,2006,0.14990295
ECU,2008,0.28282103
ECU,2011,0.04593859
ECU,2012,0.21958314
ECU,2015,0.074092805
ECU,2016,4.148522598
ECU,2019,0.092252297
ECU,2020,0
ECU,2021,0.033712152
ECU,2022,0.427753947
ECU,2023,0.65418791
ECU,2024,0.032648854
ECU,1990,0.03827808
ECU,1995,0.02594778
ECU,1996,0.22929502
ECU,2014,0.018799353
ECU,1999,0
ECU,1994,0
ECU,1993,4.1319222
EGY,1991,0.001706163
EGY,1994,0.95578164
EGY,1995,0.07636335
EGY,1996,0.05185678
EGY,1997,0.032838893
EGY,2002,0.024195578
EGY,2010,0.066473804
EGY,2020,0.037221376
EGY,2021,0.002745689
EGY,1992,0.92016643
EGY,2004,0.016769342
EGY,2015,0.14428421
EGY,2016,0.026056273
EGY,2000,0.004203366
EGY,1993,0.05539065
EGY,2008,0.116882645
SLV,1994,0
SLV,1998,8.071251
SLV,2001,19.355047
SLV,2009,4.514724
SLV,2015,0.208631833
SLV,2016,0
SLV,2018,0.06373141
SLV,2019,0.015923005
SLV,1989,0.18972333
SLV,1992,0.03602169
SLV,1995,0.13917398
SLV,1999,0.118166156
SLV,2000,0.050348394
SLV,2002,0.016635397
SLV,2005,1.987473232
SLV,2007,0.033089958
SLV,2008,0.49438804
SLV,2011,0.57027835
SLV,2021,0.079187036
SLV,2006,0.016571548
SLV,1996,0.20699856
SLV,1997,0.06846224
SLV,2010,0.2780486
SLV,2017,0.15957461
SLV,2020,1.19185076
SLV,2022,0.17360035
SLV,2023,0.04713316
SLV,2013,0
SLV,1993,0.3906948
ERI,1993,0.15140626
ERI,1999,0
ERI,2000,0
ERI,2001,0
ERI,2002,0
ERI,2003,0
ERI,2008,0
ERI,2004,0
EST,2005,0
EST,2006,0.22276494
EST,2012,0.07560396
EST,2018,0.5294423
EST,2022,12.59366
SWZ,1990,0
SWZ,1991,0
SWZ,1992,0
SWZ,1993,0
SWZ,1994,0
SWZ,1995,0
SWZ,2001,0
SWZ,2002,0
SWZ,2003,0
SWZ,2004,0
SWZ,2007,0.1844993
SWZ,2016,0
SWZ,2017,0
SWZ,2019,0
SWZ,2000,0
SWZ,2008,0
SWZ,2014,0.9770205
SWZ,2005,0
SWZ,2006,0.092786156
SWZ,2021,0
SWZ,2022,0
ETH,1989,0
ETH,1990,0
ETH,1991,0.026032574
ETH,1992,0
ETH,1993,0.003718048
ETH,1994,0.046745596
ETH,1997,0.5323885
ETH,1998,0
ETH,1999,0.07375812
ETH,2000,0.108903421
ETH,2003,0.16263752
ETH,2004,0
ETH,2005,0.2723637
ETH,2006,1.1933585
ETH,2008,0.05334465
ETH,2009,0
ETH,2010,0.021291425
ETH,2011,0
ETH,2012,0
ETH,2015,0
ETH,2016,0.12156527
ETH,2017,0
ETH,2021,0.01330196
ETH,2022,0
ETH,2023,0.11934206
ETH,1995,0.046975687
ETH,1996,0.06739946
ETH,2001,0.007244389
ETH,2002,0.030953992
ETH,2007,0.026830518
ETH,2013,0
ETH,2019,0.020154119
ETH,2020,0.029012486
ETH,2018,0.03959347
FJI,1998,0
FJI,2015,0
FJI,1989,1.2941415
FJI,2000,0.48047125
FJI,2004,1.846085
FJI,2006,0.45295188
FJI,2007,0.78593845
FJI,2009,1.55315684
FJI,2012,1.86594402
FJI,1990,0
FJI,1992,0.12708741
FJI,1993,2.660892
FJI,1997,3.1072304
FJI,1999,1.4573152
FJI,2001,0.118860275
FJI,2003,1.9806457
FJI,2008,0.78061575
FJI,2010,0.22095151
FJI,2016,5.1177573
FJI,2018,0.76169586
FJI,2019,0.10887648
FJI,2020,0.869159
FJI,2021,0.64891875
FJI,2022,0.107553594
FJI,2023,0
FIN,2005,0
FIN,1990,0
FIN,2022,4.060826
FRA,1989,0.016022803
FRA,1991,0.035307482
FRA,1997,0.039765306
FRA,2022,7.4473951
FRA,1992,0.089687601
FRA,1993,0.028043741
FRA,1994,0.022715334
FRA,1996,0.008677064
FRA,1999,0.250204758
FRA,2000,0.018750388
FRA,2001,0.028806345
FRA,2002,0.047159655
FRA,2003,32.66627924
FRA,2005,0.021484024
FRA,2010,0.129715051
FRA,2011,0.009557904
FRA,2013,0.006315605
FRA,2014,0.034597452
FRA,2015,5.168487637
FRA,2016,0.007813804
FRA,2017,0.00467697
FRA,2018,0.035782175
FRA,2019,2.253113812
FRA,2020,3.014885944
FRA,2021,0.003099264
FRA,2023,0.003088489
FRA,2024,0.015412636
FRA,1990,0.109903952
FRA,1995,0.027864683
FRA,1998,0.025826294
FRA,2004,0.01830026
FRA,2006,2.2866371
FRA,2007,0.008152699
FRA,2008,0.00810097
FRA,2009,0.028988635
FRA,2012,0.019026052
GUF,1996,0
GUF,2020,0
GUF,2000,6.083946
PYF,2017,0
PYF,2010,0.352367
PYF,1998,5.352173
GAB,2012,0.054445148
GAB,2009,0
GAB,2010,0
GAB,2011,0
GAB,2023,0
GMB,2002,0
GMB,2012,0
GMB,2015,0
GMB,1996,0
GMB,1999,3.7951887
GMB,2001,0.06759241
GMB,2007,0
GMB,2008,0
GMB,2009,0.2662231
GMB,2010,0.46456793
GMB,2013,0.09412314
GMB,2017,0.25197497
GMB,2022,0.2217299
GMB,2003,0.1915387
GMB,2004,0.12405124
GMB,2019,0.15943356
GMB,2021,0.37879908
GEO,2000,0
GEO,2001,0
GEO,1995,0.020501541
GEO,1997,0.150861
GEO,2004,0.025069812
GEO,2005,0
GEO,2006,0
GEO,2011,0.18316615
GEO,2012,0.13142823
GEO,2013,0
GEO,2014,0
GEO,2015,1.0606886
GEO,2018,0
GEO,2019,0
GEO,2020,0
GEO,2021,0
GEO,2022,0
GEO,2023,0.4827966
GEO,1991,0.15031652
GEO,1992,0.019086428
GEO,2002,0.14774224
GEO,2009,0
DEU,1992,0.001246805
DEU,1993,0.013652132
DEU,1994,0.016072773
DEU,1997,0.036838703
DEU,1999,0.036784104
DEU,2002,0.060164462
DEU,2005,0.00492537
DEU,2006,0.028332864
DEU,2007,0.023403674
DEU,2009,0.008614258
DEU,2010,0.020903758
DEU,2011,0.004912594
DEU,2013,0.013467091
DEU,2016,0.008502221
DEU,2017,0.006051484
DEU,2021,0.237385708
DEU,2004,0.002461033
DEU,1990,0.0806348
DEU,1991,0
DEU,1995,0.00616346
DEU,1996,0
DEU,1998,0.003679881
DEU,2001,0.007360647
DEU,2003,11.51858357
DEU,2008,0.009850095
DEU,2014,0.009772923
DEU,2018,0.006031604
DEU,2019,0.006013364
DEU,2020,0
DEU,2022,9.811702322
DEU,2023,0.00480223
DEU,2012,0.007357849
GHA,1989,0.04650408
GHA,1991,0.031558737
GHA,1995,0.8314753
GHA,1999,0.271161
GHA,2001,0.05941893
GHA,2002,0.019269379
GHA,2007,0.23620392
GHA,2008,0
GHA,2009,0.1603157
GHA,2010,0.24633698
GHA,2011,0.07631858
GHA,2013,0.018164918
GHA,2015,0.08659224
GHA,2016,0.033836026
GHA,2017,0.06617638
GHA,2018,0.11013698
GHA,2019,0.10151546
GHA,2020,0.02175237
GHA,2021,0.027411416
GHA,2022,0
GHA,2023,0.02344529
GRC,1990,0.038826451
GRC,1994,0.13148725
GRC,1997,0.082756534
GRC,1998,0.155400532
GRC,2000,0.33520225
GRC,2001,0.099348076
GRC,2002,0.018023506
GRC,2003,0
GRC,2006,0.036016253
GRC,2007,0.775369171
GRC,2010,0.009063074
GRC,2012,0.054726384
GRC,2014,0.027616752
GRC,2015,0.0277607
GRC,2016,0.037210196
GRC,2017,0.243167238
GRC,2020,0.095127281
GRC,2023,0.38679947
GRC,2024,0
GRC,1993,0.009466612
GRC,1995,0.48471615
GRC,1996,0
GRC,1999,1.3007259
GRC,2008,0.01806094
GRC,2021,0.028720865
GRC,2004,0
GRC,2019,0.06619995
GRC,1991,0.04811601
GRC,2022,29.773792
GRC,2009,0
GRC,2018,0.94044405
GRD,2010,0
GRD,1990,0
GRD,1999,0
GRD,2002,0
GRD,2004,35.60701
GLP,2004,0.24471897
GLP,1989,1.2957698
GLP,1990,0
GLP,1995,0
GLP,1998,0
GLP,1999,0.93949866
GLP,2007,0
GLP,2017,1.0074881
GLP,2022,0.2526771
GUM,1993,0
GUM,1992,0.69839716
GUM,1997,0
GUM,2002,0.61507803
GUM,2004,0.60967433
GUM,2023,1.1563166
GTM,1994,0.09905975
GTM,2001,0.45798232
GTM,2009,0.25246477
GTM,2012,0.2908455
GTM,2014,0.038183136
GTM,2015,2.237345347
GTM,2016,0.06138357
GTM,2018,2.747745912
GTM,2019,0.023383146
GTM,1989,0.113127984
GTM,1995,0.2991384
GTM,1999,0.122126724
GTM,2000,0.30675125
GTM,2002,0.5695749
GTM,2005,12.05377285
GTM,2007,0.08031185
GTM,2008,0.529348395
GTM,2010,1.56087485
GTM,2011,0.559545839
GTM,2017,0.120636589
GTM,2020,0.961831063
GTM,2021,0.011358161
GTM,2022,0.308228342
GTM,2023,0.9064768
GTM,1991,0.39658874
GTM,2013,0.006483965
GTM,1996,0
GTM,1998,3.88947285
GTM,2006,0.04473472
GTM,1992,0
GTM,2003,0.17501283
GIN,1998,0.15013969
GIN,1993,0
GIN,2001,0.10656282
GIN,2006,0
GIN,2007,0
GIN,2008,0
GIN,2009,0.019957453
GIN,2010,0.07789127
GIN,2011,0
GIN,2013,0
GIN,2015,0.13762253
GIN,2017,0
GIN,2020,0
GIN,2021,0.0369497
GIN,2022,0
GIN,2023,0.056375306
GIN,2000,0.047979046
GIN,2004,0
GNB,2002,0
GNB,2006,0
GNB,2003,0
GNB,2004,0.22271517
GNB,2008,0
GNB,2010,0.127614
GNB,1993,0
GNB,2018,0.15584788
GNB,1998,0.25336254
GUY,1997,0
GUY,1998,0
GUY,2010,0
GUY,1989,0
GUY,1996,0
GUY,2005,4.475374
GUY,2006,0
GUY,2008,0
GUY,2015,0
GUY,2017,0
GUY,2021,0
GUY,2022,0
HTI,1992,0
HTI,1993,0.17696846
HTI,2003,0.9986101
HTI,2004,60.503298
HTI,2014,0.11524343
HTI,2015,0.104129572
HTI,2016,5.59089652
HTI,2017,0.32217839
HTI,1989,0
HTI,1996,1.08099733
HTI,1999,0.15836388
HTI,2000,0.19138244
HTI,2001,0.3054609
HTI,2002,0.40408491
HTI,2005,0.96576991
HTI,2006,0.172668837
HTI,2007,1.7302081
HTI,2009,0.21581301
HTI,2010,2261.949133
HTI,2011,0.391789775
HTI,2012,1.28604117
HTI,2013,0.058472663
HTI,2019,0.12544307
HTI,2021,22.55499532
HTI,2022,0.077686646
HTI,2023,0.6823169
HTI,2018,0.15437105
HTI,1990,0
HTI,1994,14.987785
HTI,1998,2.3570566
HTI,2008,7.289626
HTI,2020,0.34492505
HND,1994,2.6711779
HND,1997,0
HND,1998,231.43234
HND,2000,0
HND,2001,0.3071136
HND,2002,0.15669712
HND,2003,0.13885258
HND,2004,0
HND,2009,0.084568545
HND,2010,1.7039533
HND,2011,0.3827192
HND,2012,0
HND,2014,0.043821923
HND,2015,0
HND,2018,0.061269168
HND,2019,0
HND,2023,0.047197428
HND,1990,0.09894652
HND,1993,7.5134034
HND,1995,0.55050579
HND,1996,0.133856422
HND,1999,0.5249044
HND,2005,0.806386045
HND,2006,0.05164486
HND,2007,0.08833407
HND,2008,0.82697916
HND,2016,0.073989528
HND,2017,0.218140008
HND,2020,1.304120808
HND,2022,0.13419142
HND,2021,0
HND,1989,0.20351334
HKG,1989,0.208597306
HKG,1992,0.116517332
HKG,1994,0.016210847
HKG,1997,1.257520849
HKG,2005,0
HKG,2023,0
HKG,1991,0.37140498
HKG,1993,0.131367011
HKG,1999,0.030111598
HKG,2003,0.058084972
HKG,2008,0.028366087
HKG,2009,0
HKG,2010,0.014020453
HKG,2017,0
HKG,2018,0
HKG,2021,0.026685951
HUN,1992,0
HUN,2003,0.06918322
HUN,1996,0
HUN,1997,0
HUN,1999,0.46919614
HUN,2000,0.009801948
HUN,2001,0.7958377
HUN,2002,0
HUN,2004,0
HUN,2005,0.099270039
HUN,2006,0.467333265
HUN,2010,0.010013185
HUN,2013,0
HUN,2014,0
HUN,2016,0
HUN,2017,0
HUN,2019,1.2075566
HUN,2007,4.979499
HUN,2008,0.1696013
HUN,2012,0.16125564
HUN,2018,0.62395406
HUN,2022,5.146828
ISL,2000,0
ISL,2023,0
ISL,1996,0
ISL,2010,0
ISL,1995,12.701306
IND,1993,1.214550064
IND,1996,0.292490085
IND,2000,0.241215443
IND,2001,1.943333214
IND,2002,0.255937953
IND,2009,0.157562661
IND,2015,0.257017599
IND,2016,0.084339563
IND,2018,0.101971999
IND,2019,0.166797765
IND,1989,0.224761919
IND,1990,0.271238332
IND,1991,0.297094823
IND,1992,0.128474361
IND,1994,0.253368926
IND,1995,0.304268745
IND,1997,0.247023146
IND,1998,0.84361742
IND,1999,1.07429116
IND,2003,0.178268571
IND,2004,1.583786128
IND,2005,0.36383676
IND,2006,0.129736779
IND,2007,0.185930517
IND,2008,0.148914237
IND,2010,0.108333487
IND,2011,0.082536773
IND,2012,0.03397445
IND,2013,0.564233554
IND,2014,0.082004429
IND,2017,0.173239355
IND,2020,0.165856587
IND,2021,0.151041102
IND,2022,0.155944247
IND,2023,0.149444111
IND,2024,2.77446e-4
IDN,1997,0.455949315
IDN,2003,0.226824329
IDN,2015,0.03242092
IDN,2023,0.034590343
IDN,1989,0.080469776
IDN,1990,0.126262708
IDN,1991,0.124082041
IDN,1992,1.39585383
IDN,1993,0.069887301
IDN,1994,0.312422176
IDN,1995,0.117593533
IDN,1996,0.144507384
IDN,1998,0.019725243
IDN,1999,0.050237703
IDN,2000,0.251783961
IDN,2001,0.26898506
IDN,2002,0.125388949
IDN,2004,73.45978451
IDN,2005,0.51484856
IDN,2006,3.198051055
IDN,2007,0.274207898
IDN,2008,0.053795854
IDN,2009,0.622869906
IDN,2010,0.530292716
IDN,2011,0.052205649
IDN,2012,0.042761909
IDN,2013,0.068304952
IDN,2014,0.09483676
IDN,2016,0.103112398
IDN,2017,0.037429275
IDN,2018,1.981900777
IDN,2019,0.161731339
IDN,2020,0.09563817
IDN,2021,0.185933914
IDN,2022,0.147367705
IDN,2024,0.018227432
IRN,1999,0.15820148
IRN,2000,0.021359573
IRN,2001,0.7139123
IRN,2021,0.029571184
IRN,2022,0.116317721
IRN,1989,0.18641156
IRN,1990,71.76805371
IRN,1991,0.134503879
IRN,1992,0.114532071
IRN,1993,1.347157914
IRN,1994,0.088354315
IRN,1995,0.04441169
IRN,1996,0.094158324
IRN,1997,4.450986482
IRN,1998,0.332485444
IRN,2002,0.4322181
IRN,2003,39.46305137
IRN,2004,0.108598574
IRN,2005,1.04584337
IRN,2006,0.108031104
IRN,2007,0.033186104
IRN,2008,0.076379189
IRN,2012,0.412547395
IRN,2014,0.047522769
IRN,2015,0.063576795
IRN,2017,0.60233065
IRN,2018,0.012847831
IRN,2019,0.095882583
IRN,2020,0.059571412
IRN,2024,0
IRN,2009,0
IRN,2010,0.014593918
IRN,2013,0.05735485
IRN,2023,0.010092768
IRN,2016,0.004801562
IRQ,1998,0
IRQ,1999,0
IRQ,2000,0
IRQ,2001,0
IRQ,2021,0.036753226
IRQ,2022,0.002247387
IRQ,2023,0.006592745
IRQ,2004,0
IRQ,2006,0.06919071
IRQ,2008,0.013690011
IRQ,2009,0.006603048
IRQ,2011,0.018531064
IRQ,2012,0.011811796
IRQ,2013,0.031001806
IRQ,2015,0.1536106
IRQ,2018,0.05173599
IRQ,2019,0.024059558
IRQ,2020,0.018798323
IRQ,2024,0.006448332
IRQ,1991,0.11206752
IRQ,2017,0.025239041
IRL,1993,0.08460952
IRL,2002,0
IRL,2009,0
IRL,2011,0.044009205
IRL,2017,0
IRL,1990,0.057382718
IRL,1991,0
IRL,1996,0.055451967
IRL,1998,0.054367475
IRL,1999,0.2150585
IRL,2000,0.02653256
IRL,2004,0
IRL,2005,0
IRL,2014,0.021634882
IRL,2015,0.021432716
IRL,2018,0.041369274
IRL,2021,0
IRL,2022,0.537515792
IMN,2021,0
ISR,1999,0
ISR,1997,0.2611748
ISR,1998,0
ISR,2010,0.627691642
ISR,2018,0.1419029
ISR,2020,0.07993161
ISR,1991,0.10115681
ISR,2000,0.04904401
ISR,2013,0.05176871
ISR,2015,0
ISR,1992,0
ISR,1995,0
ISR,2016,0
ITA,1997,0.06324021
ITA,2002,0.059536762
ITA,2012,0.121282299
ITA,2017,0.073328414
ITA,2022,30.54839399
ITA,2023,0.047561809
ITA,2024,0.001703643
ITA,1992,0.003519071
ITA,1994,0.126573777
ITA,1996,0.029877517
ITA,2000,0.080749355
ITA,2001,0.00350908
ITA,2003,34.98813819
ITA,2008,0.015196484
ITA,2009,0.562431161
ITA,2010,0.00501484
ITA,2011,0.048312437
ITA,2013,0.02984451
ITA,2014,0.024866223
ITA,2015,0.014941998
ITA,2016,0.497350016
ITA,2018,0.038411802
ITA,2019,0.008371292
ITA,2020,0.031932465
ITA,2021,0.001688039
ITA,1990,0.047571592
ITA,1998,0.298566506
ITA,1993,0.014067305
ITA,2004,0.00345658
ITA,2006,0.022248881
ITA,2005,0.001718217
ITA,2007,0.028922151
ITA,1991,0
ITA,1999,0.001756078
JAM,2000,0
JAM,2014,0
JAM,1991,0.62192434
JAM,1993,0.3659929
JAM,2002,0.49275124
JAM,2006,0.037179448
JAM,1994,0.16101854
JAM,1996,0
JAM,2001,0.03808929
JAM,2004,0.6005945
JAM,2005,0.22414254
JAM,2007,0.1851014
JAM,2008,0.47946098
JAM,2010,0.54866594
JAM,2012,0.03623426
JAM,2016,0
JAM,2017,0
JPN,1989,0.034882595
JPN,1990,0.05416929
JPN,1993,0.351018973
JPN,1995,4.225330697
JPN,1998,0.045127643
JPN,1999,0.067954611
JPN,2000,0.025235825
JPN,2001,0.019674856
JPN,2003,0.036077768
JPN,2004,0.212263868
JPN,2005,0.092332943
JPN,2006,0.062547807
JPN,2007,0.06796534
JPN,2008,0.059339011
JPN,2010,0.14050927
JPN,2011,15.60536533
JPN,2012,0.135310918
JPN,2013,0.313285857
JPN,2015,0.055795268
JPN,2016,0.079531405
JPN,2017,0.038685493
JPN,2018,0.344538436
JPN,2019,0.228949957
JPN,2020,0.067068673
JPN,2021,0.049754228
JPN,2022,0.090357779
JPN,2023,0.012165992
JPN,1992,0.008839268
JPN,1994,0.007992374
JPN,2009,0.060101293
JPN,2014,0.236121532
JPN,2024,0.19652385
JPN,1991,0.11605978
JPN,1996,0.01590758
JPN,1997,0.022217288
JPN,2002,0.005498746
JOR,1999,0
JOR,2000,0.17800027
JOR,1991,0.2727483
JOR,1997,0.04225055
JOR,2018,0.32505202
JOR,2002,0.09477719
JOR,1992,0.38790822
JOR,2023,0
KAZ,2021,0
KAZ,1993,0.058893856
KAZ,2000,0
KAZ,2001,0.019631853
KAZ,2005,0
KAZ,2008,0.006174165
KAZ,2010,0.26461646
KAZ,2011,0.011858936
KAZ,2012,0
KAZ,2014,0.028421532
KAZ,2015,0.011213334
KAZ,2017,0
KAZ,2018,0
KAZ,2020,0
KAZ,2024,0.020173317
KAZ,2003,0.019459406
KAZ,1995,0.68150055
KAZ,1997,0
KAZ,2013,0
KAZ,2023,0.07140438
KAZ,2004,0.30924007
KEN,1991,0
KEN,1992,0
KEN,1994,0
KEN,1995,0
KEN,1997,0.30319837
KEN,1998,0.1372807
KEN,1999,0.006674425
KEN,2000,0.08751571
KEN,2001,0.097483225
KEN,2002,0.39658539
KEN,2004,0.388022068
KEN,2005,0.078118427
KEN,2006,0.64183707
KEN,2008,0.168423647
KEN,2009,0.086709973
KEN,2011,0.07740093
KEN,2012,0.16694947
KEN,2014,0
KEN,2015,0.25399402
KEN,2016,0.12736282
KEN,2017,0.053117443
KEN,2018,0.26825055
KEN,2019,0.36701605
KEN,2020,0.54822683
KEN,2021,0.016979333
KEN,2022,0
KEN,1990,0.18996412
KEN,1996,0
KEN,2003,0.11845843
KEN,2007,0.102532296
KEN,2010,0.549160799
KEN,2013,0.28576297
KEN,2023,0.39745492
KEN,2024,0.017792633
KIR,1999,0
KIR,2008,0
KIR,2014,0
KIR,2015,0
KWT,1997,0.113541335
KWT,2018,0.023163214
KGZ,2009,0
KGZ,1998,0.020788228
KGZ,2005,0.05776883
KGZ,2007,0
KGZ,2012,0.28409317
KGZ,1992,1.2885287
KGZ,1997,0
KGZ,2006,0.076237164
KGZ,2008,1.3843614
KGZ,2011,0
KGZ,2015,0
KGZ,2017,0.39207575
KGZ,2014,0
KGZ,2000,0.22288932
KGZ,2022,0
KGZ,1994,3.5754454
KGZ,2002,0
KGZ,2003,0.7482854
KGZ,2004,0.9538561
KGZ,2010,0
KGZ,2021,0.2297885
LAO,1991,0
LAO,1992,0.70158252
LAO,1993,0.17074706
LAO,1999,0
LAO,2019,0.2634477
LAO,1994,0
LAO,1995,0.5276582
LAO,1996,0.5947755
LAO,2000,0.27619925
LAO,2001,0
LAO,2002,0.035675406
LAO,2008,0.097785756
LAO,2009,0.41733995
LAO,2011,0.7480911
LAO,2013,0.34844598
LAO,2014,0
LAO,2015,0.058932554
LAO,2016,0.07255456
LAO,2018,1.9141428
LAO,2022,0.013281135
LAO,2023,0.09169764
LAO,2021,0
LAO,2017,0
LAO,2020,0.027324656
LVA,2023,0
LVA,1999,0.24728431
LVA,2005,0
LVA,2001,0.89011150000000006
LVA,2003,0.6537822
LVA,2006,1.8149503
LVA,2012,0.48694146
LVA,2022,5.67367
LVA,2018,0
LBN,2003,0
LBN,1992,0.6674837
LBN,2002,0
LBN,2015,0.07813793
LBN,2018,0.25206518
LBN,2019,0.05188595
LBN,2023,0
LBN,2024,0
LBN,2007,0.020791715
LBN,2020,0
LSO,1992,0
LSO,1993,0
LSO,1994,0
LSO,2002,0
LSO,2003,0
LSO,2007,0
LSO,2008,0
LSO,2011,1.2759565
LSO,2012,0
LSO,2016,0
LSO,2017,0
LSO,2019,0
LSO,2020,0
LSO,2021,0
LSO,2022,0
LSO,1990,1.2228988
LSO,1989,0
LSO,1996,0
LSO,2001,0.050013054
LSO,2014,0
LSO,2023,0.085824974
LBR,1998,0.37889883
LBR,2007,0.02752737
LBR,2008,0
LBR,2009,0.051215522
LBR,2010,0.024875881
LBR,2016,0
LBR,1995,0
LBR,1990,0
LBY,1995,0
LBY,2013,0.26732484
LBY,2019,0.06089128
LBY,2023,179.3161
LTU,1992,0
LTU,2006,0
LTU,2018,0.17384483
LTU,2005,0
LTU,2010,0.2867136
LTU,1993,0.15837269
LTU,1999,0.935621245
LTU,2001,0.56177485
LTU,2012,0.9793232
LTU,2022,13.854253
LUX,1993,0
LUX,2021,0
LUX,1990,0
LUX,1995,0
LUX,2010,0
LUX,2019,0
LUX,2003,37.6647
LUX,2022,6.7943068
MAC,1993,0
MAC,2017,1.565896
MDG,1989,0.76278049
MDG,1990,0.35345316
MDG,1991,0.63698086
MDG,1992,0.3406388
MDG,2000,0.94348747
MDG,2002,0.13362819
MDG,2003,0.592406695
MDG,2004,2.1642916
MDG,2005,0.56938595
MDG,2006,0.020671511
MDG,2008,0.5118557
MDG,2009,0.12785852
MDG,2010,0.5522052
MDG,2011,0.15661246
MDG,2014,0.070201576
MDG,2015,0.48690365
MDG,2016,0
MDG,2017,0.30952016
MDG,2018,0.3501382
MDG,2020,0.155889162
MDG,2021,0.010375004
MDG,2022,0.75645727
MDG,2023,0.23082705
MDG,2024,0.070838384
MDG,1998,0
MDG,2007,0.456713586
MDG,2019,0.061743788
MDG,1994,1.5778359
MDG,1996,0.0628603
MDG,1997,1.1773531
MDG,2012,0.4876723
MDG,2013,0.21621092
MWI,1990,0
MWI,1992,0
MWI,1993,0
MWI,1994,0
MWI,1995,0.009888445
MWI,2002,4.319232806
MWI,2005,0.08623631
MWI,2006,0.06860641
MWI,2007,0.014819795
MWI,2012,0
MWI,2013,0.04368236
MWI,2015,1.67070628
MWI,2016,0.06894323
MWI,2017,0
MWI,2022,0.54887654
MWI,1989,0.23978476
MWI,1991,4.800854
MWI,1997,0
MWI,1998,0.037270106
MWI,1999,0
MWI,2000,0
MWI,2001,0.51309603
MWI,2003,0.099272266
MWI,2008,0
MWI,2009,0.027974108
MWI,2010,0
MWI,2011,0.026409447
MWI,2018,0.027221423
MWI,2019,0.360411164
MWI,2020,0.005160742
MWI,2023,5.87624076
MWI,2024,0.027938213
MWI,2021,0.06536032
MYS,1998,0
MYS,2014,0.05554384
MYS,1993,0.535431
MYS,1996,1.54671112
MYS,1999,0.004470542
MYS,2000,0.052298628
MYS,2001,0.033981066
MYS,2002,0.06213123
MYS,2003,0.032337055
MYS,2004,0.382895981
MYS,2005,0.03857498
MYS,2006,0.033950202
MYS,2007,0.16978803
MYS,2008,0
MYS,2009,0
MYS,2011,0.061677338
MYS,2013,0.013273688
MYS,2015,0.08046649
MYS,2016,0
MYS,2017,0.028146274
MYS,2018,0.006172979
MYS,2019,0.006096813
MYS,2020,0
MYS,2021,0.20551696
MYS,2022,0.176791846
MYS,2023,0.017488364
MYS,1997,0.009412129
MYS,1995,0.099320225
MDV,2007,0
MDV,2019,0
MDV,2004,33.75896
MDV,1991,0
MDV,2021,0
MLI,1991,0
MLI,2001,0.017265454
MLI,2005,0
MLI,2006,0.007340236
MLI,2010,0
MLI,2011,0.006234517
MLI,2012,0
MLI,2020,0
MLI,2022,0.044260327
MLI,1989,0.011397147
MLI,1998,0.028247334
MLI,1999,0.018320054
MLI,2000,0.13346261
MLI,2002,0.016732678
MLI,2003,0
MLI,2007,0.12783259
MLI,2008,0
MLI,2009,0.16630474
MLI,2013,0.21759537
MLI,2015,0.02760462
MLI,2016,0.06951831
MLI,2018,0
MLI,2019,0.07293084
MLT,2022,14.251078
MHL,2013,0
MHL,2015,0
MHL,2016,0
MHL,2022,0
MHL,2024,0
MHL,2008,0
MHL,2014,0
MHL,1991,0
MHL,2019,0
MTQ,2007,0.50526994
MTQ,1989,0
MTQ,1990,2.137437
MTQ,1993,0.5056034
MTQ,1995,0
MTQ,1996,0
MTQ,1999,0
MTQ,2011,0.25665703
MTQ,2017,0
MRT,1993,0
MRT,1997,0
MRT,1998,0
MRT,2001,0
MRT,2002,0.8859879
MRT,2003,0.3121393
MRT,2010,0
MRT,2011,0
MRT,2012,0
MRT,2017,0.43269044
MRT,2018,0
MRT,2019,0.06843295
MRT,2020,0.20006202
MRT,2021,0
MRT,2022,0.29559898
MRT,1995,0
MRT,1999,0.038158968
MRT,2005,0
MRT,2006,0.22718215
MRT,2007,0.09513182
MRT,2009,0.030096686
MRT,2013,0.2137343
MRT,2023,0.020563485
MRT,1991,0.19358207
MUS,1999,0
MUS,2013,0.85225207
MUS,1989,0.09285284
MUS,1991,0
MUS,1994,0.17434284
MUS,1996,0.2558537
MUS,2002,0.24311696
MUS,2007,0.15740706
MUS,2018,0
MUS,2022,0.07695398
MUS,2023,0.076889776
MUS,2024,0.15361196
MEX,1995,0.31455079
MEX,1996,0.017469812
MEX,1999,0.751545607
MEX,2000,0.241127714
MEX,2002,0.10206399
MEX,2011,0.109504576
MEX,1989,0.053593405
MEX,1990,0.566565827
MEX,1991,0.043190534
MEX,1993,0.118871153
MEX,1998,0.895878757
MEX,2001,0.026158445
MEX,2003,0.068339791
MEX,2004,0.050026062
MEX,2005,0.08345789
MEX,2006,0.038358342
MEX,2007,0.053553468
MEX,2008,0.032821413
MEX,2009,0.028815998
MEX,2010,0.161731201
MEX,2013,0.190125925
MEX,2015,0.034956336
MEX,2016,0.074062357
MEX,2017,0.405407862
MEX,2018,0.032254458
MEX,2019,0.01279127
MEX,2020,0.065080248
MEX,2021,0.056035613
MEX,2022,0.043920151
MEX,2023,0.089525123
MEX,1997,0.608479551
MEX,2012,0.018141623
MEX,2014,0.018525398
MEX,1992,0.097654916
MEX,1994,0
FSM,1998,0
FSM,2016,0
FSM,2023,0
FSM,2024,0
FSM,2008,0
FSM,2002,41.962414
FSM,2003,0
FSM,2004,0.8972875
FSM,2015,4.567169
FSM,2019,0
MDA,2000,0.047041435
MDA,2007,0
MDA,2012,0.28512797
MDA,1994,1.11544575
MDA,1997,0.20483436
MDA,1999,0
MDA,2002,0.024110073
MDA,2005,0
MDA,2008,0.07869018
MDA,2010,0.027187314
MDA,2023,0.11641664
MDA,2006,0.32971928
MDA,2019,0
MNG,2000,0.9383971
MNG,2001,0.647089
MNG,2002,0.040086232
MNG,1994,0.2172483
MNG,1996,2.8001245
MNG,2003,0.67555189
MNG,2009,0.97498125
MNG,2018,0
MNG,2019,0.37123716
MNG,2020,0.30355093
MNG,2021,0.35844627
MNG,2022,0
MNG,2023,0.261084711
MNG,1990,1.6655563
MNG,1991,0.2727177
MNG,1993,0.30832753
MNG,2008,1.9742618
MNG,2024,0.14311709
MNG,2010,0.18501203
MNG,2015,0
MNG,2016,0
MNG,2017,0.5490897
MNE,2007,0
MNE,2009,0
MNE,2010,0
MNE,2012,0.15796466
MNE,2022,7.9734387
MNE,2017,0
MSR,1989,100.75105
MSR,1990,0
MSR,1995,0
MSR,1996,0
MSR,1997,451.21265
MSR,2006,0
MAR,1999,0
MAR,2000,0.02101251
MAR,2001,0.051849112
MAR,1995,2.97379
MAR,1996,0.144449293
MAR,1997,0.21900114
MAR,2002,0.2730206
MAR,2003,0.11799899
MAR,2006,0.05513569
MAR,2008,0.12328119
MAR,2009,0.09050372
MAR,2010,0.12937063
MAR,2014,0.175189593
MAR,2019,0.10742497
MAR,2021,0.064730875
MAR,2004,2.0910246
MAR,2023,7.7854013
MAR,2005,0.003286026
MAR,2012,0
MAR,2016,0
MAR,2017,0
MAR,2018,0
MOZ,1991,0
MOZ,1992,0
MOZ,1998,0.5140871
MOZ,1999,0.1326574
MOZ,2001,0.43357223
MOZ,2002,0.064188466
MOZ,2003,0.30229182
MOZ,2005,0.014843311
MOZ,2006,0.081983062
MOZ,2007,0.286647133
MOZ,2008,0.297543147
MOZ,2009,0.093596816
MOZ,2010,0.021669663
MOZ,2016,0.227465563
MOZ,2017,0.066504611
MOZ,2020,0.15074615
MOZ,2021,0.034292404
MOZ,2022,0.50956155
MOZ,1989,0.015281634
MOZ,1997,0.2118423
MOZ,2000,4.68244088
MOZ,2011,0.096799618
MOZ,2013,0.47125468
MOZ,2014,0.084489614
MOZ,2015,0.59605294
MOZ,2018,0.095160798
MOZ,2019,2.24859327
MOZ,2023,0.68441919
MOZ,1994,1.6093472
MOZ,1996,0.06840983
MOZ,2012,0.134762
MOZ,2024,0.005737498
MMR,1991,0.05653809
MMR,1992,0.012124796
MMR,1995,0.11893605
MMR,1997,0.15464365
MMR,1999,0.04884369
MMR,2001,0.11083384
MMR,2002,0.045180492
MMR,2006,0.122691028
MMR,2007,0.010320843
MMR,2011,0.45185688
MMR,2012,0.0796524
MMR,2013,0.045411166
MMR,2014,0
MMR,2015,0.413721118
MMR,2016,0.186925423
MMR,2017,0.005737416
MMR,2018,0.127216764
MMR,2019,0.241326336
MMR,2020,0.3257012
MMR,2021,0
MMR,2023,0.37560921
MMR,2004,0.64852153
MMR,1994,0.040153895
MMR,2008,283.9472
MMR,2010,0.22878668
MMR,2005,0.035621136
MMR,2009,0.048963767
NAM,1991,0
NAM,1992,0
NAM,1995,0
NAM,1996,0
NAM,1998,0
NAM,1999,0
NAM,2001,0
NAM,2002,0
NAM,2003,0.10441509
NAM,2013,0
NAM,2014,0
NAM,2015,0
NAM,2016,0
NAM,2018,0
NAM,2019,0
NAM,2020,0
NAM,2000,0
NAM,2004,0
NAM,2006,0.25169036
NAM,2007,0.34800038
NAM,2008,2.060282
NAM,2009,4.448898
NAM,2010,0.38108394
NAM,2011,5.0648513
NAM,2012,0
NAM,2017,0
NAM,2021,0
NAM,2023,0
NPL,2006,0.5920289
NPL,2009,0.50320139
NPL,1990,0.15293226
NPL,1991,0.283148573
NPL,1993,5.0593971700000004
NPL,1995,1.43461915
NPL,1996,3.546352705
NPL,1998,1.3078331
NPL,1999,0.8366758
NPL,2000,0.58633107
NPL,2003,0.996771714
NPL,2004,0.8306424
NPL,2005,0.26250602
NPL,2007,0.8010885
NPL,2008,0.42780283
NPL,2010,0.58538585
NPL,2011,0.667488248
NPL,2012,0.303687827
NPL,2013,0.8911107
NPL,2014,2.0865112200000002
NPL,2016,0.62452475
NPL,2017,0.702540594
NPL,2018,0.228016424
NPL,2019,0.50984133
NPL,2020,1.5264769
NPL,2021,0.83569205
NPL,2022,0.641621907
NPL,2023,0.61819117
NPL,2015,32.71964115
NPL,2002,2.10009581
NPL,1992,0.27050346
NPL,1989,0.25594047
NPL,1997,0.08602364
NPL,2001,0.5770139
NLD,1992,0
NLD,1993,0.006556909
NLD,1998,0
NLD,2021,0
NLD,1990,0.13382804
NLD,1994,0
NLD,1995,0.006473887
NLD,1997,0.012795977
NLD,2002,0.024911188
NLD,2005,0
NLD,2007,0.04270576
NLD,2008,0
NLD,2010,0
NLD,2013,0.011857226
NLD,2016,0
NLD,2018,0.017355043
NLD,2022,2.69300543
NLD,2023,0.005675918
NLD,2003,5.983541
NLD,2006,6.1253195
NLD,2012,0.005957595
NLD,2019,2.3037148
NLD,2020,2.2942934
NCL,1999,0
NCL,2003,0.8521771
NCL,2021,0
NZL,1994,0
NZL,2013,0
NZL,1989,0
NZL,1991,0
NZL,1997,0.07945225
NZL,1998,0
NZL,1999,0
NZL,2000,0
NZL,2002,0
NZL,2004,0.09800523
NZL,2005,0
NZL,2006,0
NZL,2015,0.021783687
NZL,2016,0.042844094
NZL,2017,0
NZL,2018,0
NZL,2020,0
NZL,2021,0.019494204
NZL,2023,0.28691107
NZL,2010,0
NZL,2011,4.1540427
NZL,1992,0
NZL,1996,0.026820725
NZL,2003,0.049751937
NZL,2007,0
NZL,2012,0.06802282
NZL,2022,0
NZL,2001,0
NZL,1995,0
NZL,2019,0.42346966
NIC,1994,0
NIC,1997,0
NIC,2000,0.175670664
NIC,2001,0.30812103
NIC,2014,0.032212965
NIC,2015,0.031753037
NIC,2018,0.060862105
NIC,2019,0
NIC,1990,0.09461132
NIC,1999,0.21782674
NIC,2002,0.03802992
NIC,2007,3.33484326
NIC,2008,0.52744915
NIC,2009,0
NIC,2010,1.212486366
NIC,2011,0.28607228
NIC,2012,0.14923877
NIC,2013,0.4412214
NIC,2017,0.33947819
NIC,1992,4.065796358
NIC,1998,66.98092
NIC,1993,0.8173743
NIC,1995,0.80475533
NIC,1996,0.9143064
NIC,2004,0.53841096
NIC,2005,0.12833017
NIC,2016,0
NIC,2020,0.29603752
NIC,2022,0.07195906
NIC,1991,0
NER,1990,0
NER,1991,0
NER,1997,0
NER,1998,0
NER,2001,0.033246253
NER,2002,0.032111697
NER,2005,0
NER,2006,0.027845126
NER,2009,0.018705672
NER,2010,0.030034458
NER,2011,0.092575885
NER,2012,0.5068393
NER,2015,0.13414061
NER,2016,0.29156265
NER,2017,0.3312184
NER,2020,0.34109154
NER,2022,0.7440481
NER,1994,0.6320232
NER,1999,0.12464977
NER,2000,0.017207745
NER,2003,0.05426023
NER,2007,0.04698656
NER,2008,0.045292255
NER,2013,0.1715523
NER,2014,0.18583511
NER,2018,0.15945388
NER,2019,0.22181083
NER,2021,0.24551809
NER,2023,0.15071954
NGA,2022,0.279123537
NGA,1994,0.028447852
NGA,1998,0.012854514
NGA,1999,0.157900584
NGA,2000,0.029303557
NGA,2001,0.15853804
NGA,2002,0.04630236
NGA,2003,0.012019248
NGA,2004,0.06873513
NGA,2005,0.042707447
NGA,2006,0.027714312
NGA,2007,0.061364572
NGA,2009,0.019796196
NGA,2010,0.024851996
NGA,2011,0.111806972
NGA,2012,0.222253659
NGA,2013,0.010874161
NGA,2014,0.008362182
NGA,2015,0.028805008
NGA,2016,0.024381592
NGA,2017,0.010336136
NGA,2018,0.15121911
NGA,2019,0.011804953
NGA,2020,0.09072258
NGA,2021,0.001874403
NGA,2023,0.12287502
NGA,2024,4.36391e-4
NGA,1992,0.017967291
NIU,1990,0
NIU,2004,52.246605
PRK,2012,0.59065156
PRK,2015,0.13065161
PRK,2017,0
PRK,2019,0.019413373
PRK,1995,0.30376756
PRK,1996,0.5129487
PRK,1997,0
PRK,1998,0.21716808
PRK,1999,0.18099934
PRK,2001,0.5273785
PRK,2002,0.012691207
PRK,2004,0.10021322
PRK,2005,0.8007973
PRK,2006,1.1470652
PRK,2007,2.5044641
PRK,2010,0.08101615
PRK,2011,0.298582254
PRK,2013,0.20398511
PRK,2016,2.1741173
PRK,2018,0.91270227
PRK,2020,0.08504889
PRK,2021,0
PRK,1993,0.027557041
PRK,2000,0.19685827
MKD,1993,0
MKD,1995,0
MKD,2002,0
MKD,2003,0.09656471
MKD,2004,0.72258544
MKD,2005,0.048107754
MKD,2006,0
MKD,2013,0.04756876
MKD,2015,0.33207384
MKD,2016,1.0425582
MKD,2001,0.73049897
MKD,2007,0.047996297
MKD,2012,0.047630705
MKD,2014,0
MKD,2017,0.14204666
MKD,2000,0
MKD,2021,0.04754368
MNP,2002,0
MNP,2004,4.1714754
MNP,2015,0
MNP,2018,3.973931
MNP,2003,0
NOR,1995,0.02293932
NOR,2000,0
NOR,2001,0
NOR,1990,0
NOR,1992,0
NOR,1993,0
NOR,2005,0
NOR,2008,0
NOR,2011,0.08074992
NOR,2022,0.5520466
NOR,2019,0.018697582
NOR,2020,0.18587928
OMN,2016,0.045474388
OMN,2017,0.06605233
OMN,2019,0.13035631
OMN,2020,0.06602976
OMN,2024,0.14850786
OMN,2002,0.29122218
OMN,2003,1.233754
OMN,2007,2.916676
OMN,2010,0.5551864
OMN,2011,0.436561
OMN,2015,0
OMN,2018,0.1304019
OMN,2021,0.44243148
PAK,1999,0.205752429
PAK,2000,0.037572088
PAK,2001,0.182768591
PAK,2002,0.145164725
PAK,2003,0.338573388
PAK,2019,0.16167079
PAK,1989,0.01790985
PAK,1991,0.73152168
PAK,1992,1.259242225
PAK,1993,0.54322448
PAK,1994,0.272350676
PAK,1995,0.79854274
PAK,1996,0.136262797
PAK,1997,0.256137628
PAK,1998,0.70527045
PAK,2004,0.016993984
PAK,2005,42.53088666
PAK,2006,0.288088986
PAK,2007,0.50075711999999994
PAK,2008,0.133919956
PAK,2009,0.053649414
PAK,2010,1.124170416
PAK,2011,0.257297566
PAK,2012,0.33184003
PAK,2013,0.35551217
PAK,2014,0.196877208
PAK,2015,0.896812934
PAK,2016,0.191546793
PAK,2017,0.099362393
PAK,2018,0.109224219
PAK,2020,0.277292721
PAK,2021,0.11408712
PAK,2022,0.766670602
PAK,2023,0.158013583
PAK,2024,0.020390703
PAK,1990,0.034657818
PLW,2015,0
PLW,2016,0
PLW,2012,0
PLW,2013,0
PLW,2021,0
PSE,2008,0
PSE,2010,0
PSE,2012,0
PSE,2013,0.140127984
PSE,2015,0.089193836
PSE,2020,0.059768017
PSE,2022,0.07618938
PAN,2013,0
PAN,2015,0
PAN,2018,0
PAN,2019,0
PAN,1991,1.6786249
PAN,1995,0.03681789
PAN,1999,0.0339775
PAN,2000,0.033314034
PAN,2001,0
PAN,2002,0.16020542
PAN,2003,0.062861055
PAN,2004,0.49332317999999997
PAN,2005,0.090747535
PAN,2006,0.32654738
PAN,2007,0.05828153
PAN,2008,0.8010794
PAN,2009,0
PAN,2010,0.41395047
PAN,2011,0
PAN,2012,0.15979244
PAN,2014,0.23143415
PAN,2020,2.18890177
PAN,2021,0.022981828
PAN,2022,0
PAN,1992,0.46978003
PAN,1998,0.103979684
PAN,2016,0.17385525
PAN,2017,0.17089547
PNG,1997,0.94749577
PNG,1998,43.3366443
PNG,2015,0.27642852
PNG,1992,0
PNG,1993,1.58449365
PNG,1999,0.037584145
PNG,2004,0
PNG,2005,0.03077478
PNG,2006,0.238513451
PNG,2008,0.14009528
PNG,2012,0.80981268
PNG,2013,0
PNG,2014,0
PNG,2016,0
PNG,2019,0.125753316
PNG,2020,0.43078509
PNG,1990,0
PNG,2000,0.036308844
PNG,2001,0
PNG,2002,0.69578794
PNG,2018,1.9401381
PNG,2022,0.06901567
PNG,2023,0.077444844
PNG,2024,0.266266255
PNG,2007,2.485165
PNG,2011,0
PNG,1994,0.11231677
PNG,1996,0.877576406
PNG,1991,5.0112677
PNG,2003,0.2134301
PNG,2009,0.25819123
PRY,1999,0.0198964
PRY,2000,0.2146837
PRY,2001,0.05756456
PRY,2002,0.09458027
PRY,2005,0
PRY,2008,0.07085722
PRY,2009,0
PRY,2012,0.08441202
PRY,2013,0
PRY,2014,0
PRY,2016,0.063830234
PRY,1990,0
PRY,1992,0
PRY,1995,0
PRY,1997,0.68489
PRY,1998,1.1171019
PRY,2015,0.1618659
PRY,2018,0
PRY,2019,0.6125547
PRY,2021,0.14916909
PRY,2023,0.08744409
PRY,2011,0
PRY,2004,0
PRY,2010,0.20802209
PRY,2007,0.14310892
PER,1990,1.32976907
PER,1992,0
PER,2002,0.29998708
PER,2004,0.376426202
PER,2006,0
PER,1989,0.17572817
PER,1993,0.365741304
PER,1994,0.35441387
PER,1999,0.438057899
PER,2000,0.123806767
PER,2001,0.688508616
PER,2003,1.29238518
PER,2007,2.36710139
PER,2008,0.13885908
PER,2009,1.58224974
PER,2010,1.90218292
PER,2011,0.386732731
PER,2012,1.149595616
PER,2013,0.229702847
PER,2014,1.805365928
PER,2015,0.11721855
PER,2016,0.022484342
PER,2017,0.6328015
PER,2019,0.237624749
PER,2020,0.090077192
PER,2021,0.068217956
PER,2022,0.03817961
PER,2023,0.41626979
PER,2024,0
PER,1991,0.39410168
PER,1996,0.08431262
PER,2005,0.017763719
PER,2018,0.006210419
PER,1997,1.34829419
PER,1998,2.01795417
PER,1995,0.08180273
PHL,1990,5.40945343
PHL,1991,10.77573995
PHL,1992,0.27888159
PHL,1998,0.810826124
PHL,2002,0.393673778
PHL,2007,0.13175322
PHL,2015,0.19508623
PHL,2016,0.082955682
PHL,2019,0.16307184
PHL,1989,0.86649414
PHL,1993,1.015384789
PHL,1994,0.617883556
PHL,1995,2.4909577
PHL,1996,0.11699209000000001
PHL,1997,0.092135692
PHL,1999,0.485251879
PHL,2000,0.958205477
PHL,2001,0.79119795
PHL,2003,0.3134689
PHL,2004,2.373311954
PHL,2005,0.045211495
PHL,2006,3.394695976
PHL,2008,1.050932109
PHL,2009,1.406178465
PHL,2010,0.308548365
PHL,2011,2.093672136
PHL,2012,2.43287112
PHL,2013,7.77331115
PHL,2014,0.326670946
PHL,2017,0.2182905
PHL,2018,0.288296361
PHL,2021,0.502281614
PHL,2022,0.527003492
PHL,2023,0.104825941
PHL,2020,0.180050117
PHL,2024,0.125938
POL,2018,0.023363598
POL,1997,0.27346513
POL,1998,0.190203269
POL,2001,0.63109659
POL,2004,0
POL,2005,0.357736182
POL,2006,0.1426823
POL,2009,0.588764902
POL,2010,0.54407871
POL,2016,0.059690478
POL,2020,0.007806733
POL,2021,0.010441759
POL,1990,0
POL,1994,0.002605832
POL,1999,0.409334355
POL,2002,0.51232324
POL,2007,0.049322635
POL,2008,0.192093619
POL,2012,0.709369078
POL,2013,0.075115231
POL,2015,0.202318112
POL,2017,0.015571144
POL,2019,0.010391338
POL,2022,1.931899623
POL,2000,0.21815671
POL,2003,0.12169376
POL,2011,0.3236594
POL,2014,0.20216744
POL,1992,0.0914978
PRT,1997,0.57252586
PRT,2004,0.019044857
PRT,2005,4.53279265
PRT,2022,21.56587386
PRT,2023,0
PRT,1996,0.099131085
PRT,2001,0.057849083
PRT,2002,0.009586888
PRT,2003,25.87520967
PRT,2006,0.38884872
PRT,2008,0.018901872
PRT,2010,0.43443763
PRT,2015,0.009647448
PRT,1998,0.09823743
PRT,1989,0
PRT,2000,0.038832568
PRT,2013,0.095560849
PRT,2014,0.009607644
PRT,2018,0.019436661
PRT,2019,0.019436495
PRT,2009,0
PRT,1991,0
PRT,2016,0.03871186
PRT,2017,1.0574795
PRI,1994,0
PRI,1992,0.4982514
PRI,2001,0.05219019
PRI,2003,0.052278984
PRI,2004,0.05239672
PRI,2014,0.028089825
PRI,2018,0
PRI,2022,0.7686603
PRI,2020,0.152831825
PRI,1989,0
PRI,1995,0.026990931
PRI,1996,0.48220956
PRI,1998,0
PRI,1999,0.026245933
PRI,2007,0.026486937
PRI,2011,0.027088415
PRI,2012,0
PRI,2017,1.9605472
QAT,2018,0
REU,1989,1.5477049
REU,1993,1.9997429
REU,2000,0.25463694
REU,2002,0
REU,2007,0.23239385
REU,2014,0.10931387
REU,2018,0
REU,2022,0
REU,2023,0
REU,2024,0.40430424
ROU,2000,0.13229998
ROU,1991,0.47280315
ROU,1994,0.008836742
ROU,1995,0
ROU,1996,0.080293084
ROU,1997,0.143565096
ROU,1998,0.50087452
ROU,1999,0.15427193
ROU,2001,0.077990282
ROU,2002,0.08774551
ROU,2003,0.013965621
ROU,2004,0.230162655
ROU,2005,0.450402115
ROU,2006,0.69346781
ROU,2007,0.21210721
ROU,2008,0.199053132
ROU,2009,0.317595006
ROU,2010,0.38357114
ROU,2013,0.04485076
ROU,2014,0.085017699
ROU,2015,0.005023591
ROU,2016,0.015153184
ROU,2018,0.010200555
ROU,2019,0.020487383
ROU,2020,0.015430479
ROU,2021,0.005173692
ROU,1990,0.039411053
ROU,1993,0.01320326
ROU,2017,0.04568794
ROU,2023,0.010053884
ROU,2012,0.42707217
ROU,2022,12.487747
RUS,1993,0.32102668
RUS,1998,0.063654274
RUS,2003,0.002069726
RUS,2010,38.98560978
RUS,2012,0.288938143
RUS,1992,0.020843755
RUS,1994,0.074582177
RUS,1996,0.01551607
RUS,1997,0.025686095
RUS,1999,0.118775816
RUS,2000,0.193401404
RUS,2001,0.545695077
RUS,2002,0.392883737
RUS,2004,0.024938752
RUS,2005,0.021557712
RUS,2006,0.080927216
RUS,2007,0.001397451
RUS,2011,6.97523e-4
RUS,2013,0.00277861
RUS,2014,0.004158435
RUS,2015,0.021428318
RUS,2016,0
RUS,2017,0.011000152
RUS,2018,0.006865666
RUS,2019,0.040482417
RUS,2021,0.009648336
RUS,2022,0.015893493
RUS,1995,1.601400584
RUS,2008,0.00908541
RUS,2023,0.02492309
RWA,1989,3.318407
RWA,1996,0
RWA,1997,0
RWA,1999,0
RWA,2000,0
RWA,2003,0
RWA,2004,0
RWA,2005,0
RWA,2006,0.25889763
RWA,2007,0.31502092
RWA,2001,0.14591528
RWA,2002,1.3616314
RWA,2008,0.36802295
RWA,2011,0.13236353
RWA,2012,0.046124052
RWA,2015,0.017177759
RWA,2016,0.98064675
RWA,2018,0.60645668
RWA,2019,0.218153
RWA,2020,0.8443397
RWA,2021,0
RWA,2022,0.2105003
RWA,2023,0.92942786
RWA,2017,0.024529157
RWA,2010,0.20370486
BLM,2017,39.729836
SHN,2001,0
KNA,1989,2.4381323
KNA,1990,0
KNA,1995,0
KNA,1998,11.297903
KNA,1999,0
KNA,2008,0
KNA,2017,0
LCA,2010,8.189529
LCA,2013,3.4484344
LCA,2022,0
LCA,2007,0.5969294
LCA,1994,2.656501
LCA,1999,0
LCA,2004,0
LCA,2016,0
LCA,2021,0.55659765
LCA,1996,0
MAF,2017,34.763462
VCT,2010,0
VCT,1992,2.6493576
VCT,2011,0
VCT,2013,11.166011
VCT,2016,0.9436544
VCT,1999,0
VCT,2002,3.525285
VCT,2004,0
VCT,2005,0
VCT,2021,0
VCT,2023,0
WSM,2015,0
WSM,2001,0
WSM,2009,76.60892
WSM,1989,0
WSM,1990,4.756186
WSM,1991,7.7053933
WSM,2004,0.53168017
WSM,2005,4.771144
WSM,2012,6.056599
WSM,2018,0
STP,2021,3.5855467
SAU,2002,0.083983794
SAU,2003,0.05183395
SAU,2004,0.021131102
SAU,2005,0.25822157
SAU,2009,0.5652336
SAU,2010,0.08159954
SAU,2011,0.036483094
SAU,2012,0.061645173
SAU,2013,0.12387834
SAU,2015,0.07022935
SAU,2016,0.071821298
SAU,2017,0.01169826
SAU,2019,0.05582325
SAU,2020,0.008334002
SEN,2002,0.2750236
SEN,2011,0
SEN,2012,0.14359303
SEN,2013,0.058842693
SEN,2014,0
SEN,2015,0
SEN,2018,0
SEN,2019,0.037498165
SEN,2020,0.06692577
SEN,2021,0
SEN,1993,0
SEN,1994,0
SEN,1998,0
SEN,2000,0
SEN,2003,0.07666871
SEN,2005,0
SEN,2007,0.06918094
SEN,2008,0.008422519
SEN,2009,0.04920038
SEN,2010,0.01596153
SEN,2016,0.03389519
SEN,2022,0
SEN,1999,1.9728725
SEN,2004,0.018693862
SRB,2007,0
SRB,2009,0
SRB,2010,0.117589436
SRB,2013,0
SRB,2014,0.74231523
SRB,2016,0
SRB,2018,0
SRB,2019,0
SRB,2020,0
SRB,2021,0
SRB,2023,0.041963481
SRB,2012,0.3293219
SRB,2017,0.08037636
SRB,2022,7.9486356
OWID_SRM,1992,0.009569378
OWID_SRM,1999,0.1010101
OWID_SRM,2000,0.02764977
OWID_SRM,2002,0.009233611
OWID_SRM,2005,0.018467221
OWID_SRM,2006,0.02770083
SYC,1997,6.5313373
SYC,2014,0
SYC,2004,3.5405333
SYC,2002,0
SYC,2013,0
SLE,1996,0.27602825
SLE,2004,0.18072303
SLE,2005,0.35190588
SLE,2007,0
SLE,2009,1.6454082
SLE,2010,0.24857461
SLE,2011,0.31758562
SLE,2015,0.13670953
SLE,2019,0.08699078
SLE,2022,0.13944209
SLE,1999,0.29049265
SLE,2023,0.17062727
SLE,2013,0
SLE,2017,14.353499
SXM,2017,9.546311
SVK,1997,0
SVK,1998,1.0053833
SVK,1999,0.037211955
SVK,2001,0.018599609
SVK,2002,0
SVK,2004,0.055814656
SVK,2005,0.018600322
SVK,2006,0.018596904
SVK,2010,1.22303121
SVK,2013,0.018468093
SVK,2020,0.018326158
SVK,2021,0.018356636
SVK,2017,0
SVK,2019,0.018335395
SVK,2023,0
SVK,2003,0
SVK,2007,0.018592956
SVK,2011,1.1105587
SVK,2012,0.09243369
SVK,2022,6.467669
SVK,2000,0.11159261
SVN,2005,0
SVN,2012,0
SVN,2014,0.19277823
SVN,2021,0
SVN,2023,0.04717691
SVN,1998,0
SVN,2004,0.05008186
SVN,2007,0.29655552
SVN,2020,0.0472222
SVN,2003,14.526898
SVN,2022,7.264689
SLB,1997,0
SLB,1998,0
SLB,2015,1.4689801
SLB,2009,3.9784482
SLB,2010,0.37009487
SLB,2012,0
SLB,2013,1.7171243
SLB,2014,7.86761
SLB,2007,10.304702
SLB,2016,0
SLB,1992,0
SLB,1993,1.129634
SLB,2002,0
SLB,2003,0
SLB,2011,0
SLB,2018,0
SLB,2020,6.9444647
SLB,2023,0
SOM,2000,0.11465964
SOM,2001,0.1212689
SOM,2004,2.9454327
SOM,2005,0.133749949
SOM,2008,0
SOM,2009,0
SOM,2010,83.24013754
SOM,2011,81.85422
SOM,2012,0.2491895
SOM,2014,0
SOM,2015,0
SOM,2016,0.06296856
SOM,2017,0
SOM,2019,0.143918092
SOM,2021,0.14649363
SOM,2022,0
SOM,1989,0.48327157
SOM,1994,1.86785988
SOM,1995,0.27735668
SOM,1996,0.040147457
SOM,1997,29.879843
SOM,2002,0
SOM,2003,0.010247703
SOM,2006,0.94575995
SOM,2007,0.22485873
SOM,2013,1.31492025
SOM,2018,0.376352096
SOM,2020,0.247928615
SOM,2023,0.9094227
ZAF,1991,0.012221662
ZAF,1992,0
ZAF,1995,0.36602482
ZAF,2004,0
ZAF,2015,0
ZAF,2016,0.042536393
ZAF,2017,0.056495969
ZAF,2018,0
ZAF,2019,0.175598485
ZAF,2021,0.097655829
ZAF,1993,0.044679133
ZAF,1994,0.004622356
ZAF,1996,0.32242458
ZAF,1997,0.03312351
ZAF,1999,0.122938407
ZAF,2000,0.200797756
ZAF,2001,0.105865563
ZAF,2002,0.088121412
ZAF,2003,0.002078827
ZAF,2006,0.024246458
ZAF,2007,0.096007494
ZAF,2008,0.09888103
ZAF,2009,0.064489929
ZAF,2011,0.120129694
ZAF,2012,0.024461363
ZAF,2014,0.060296486
ZAF,2020,0.022108119
ZAF,2022,0.96670973
ZAF,2023,0.117521461
ZAF,2024,0.088495254
ZAF,1990,0.030092105
ZAF,2005,0.004080204
ZAF,1998,0.093779633
ZAF,2010,0.044414468
ZAF,2013,0.00556859
KOR,2001,0.1721032
KOR,1990,0.4397095
KOR,1991,0.28322619
KOR,1992,0.011184755
KOR,1996,0.227769665
KOR,1997,0.032635376
KOR,1998,1.0875615
KOR,1999,0.14617228
KOR,2000,0.117550034
KOR,2002,0.475479376
KOR,2004,0.050285697
KOR,2005,0.060555979
KOR,2006,0.09573491
KOR,2007,0.047697458
KOR,2008,0.020661741
KOR,2011,0.24608561
KOR,2014,0.08109491
KOR,2020,0.156235874
KOR,2022,0.054037564
KOR,2023,0.117796869
KOR,2016,0.029234076
KOR,2017,0
KOR,1989,0.2501864
KOR,1993,0.095698342
KOR,1994,0.06199383
KOR,1995,0.16081627
KOR,2003,0.27345544
KOR,2010,0.024583597
KOR,2012,0.044324286
KOR,2019,0.040537543
KOR,2021,0
KOR,2018,0
SSD,2009,0
SSD,2010,0
SSD,2016,0
SSD,2021,0.06512671
SSD,2022,0
SSD,2008,0.19265866
SSD,2012,0.43918645
SSD,2013,0.8914071
SSD,2019,0.507289817
SSD,2020,0
ESP,1990,0.023142263
ESP,1991,0
ESP,1992,0
ESP,1993,0
ESP,1994,0.105997082
ESP,1995,0.0753493
ESP,1999,0.014799383
ESP,2023,0.008417574
ESP,2024,0.006319331
ESP,1989,0.115838101
ESP,1996,0.21251872
ESP,1997,0.064708733
ESP,2000,0.09327064
ESP,2001,0.041497374
ESP,2002,0.053040612
ESP,2004,0.097766108
ESP,2006,0.074286137
ESP,2007,0.013260904
ESP,2010,0.010735886
ESP,2011,0.02353987
ESP,2012,0.029942626
ESP,2013,0
ESP,2015,0.01722974
ESP,2016,0.010758861
ESP,2018,0.051290772
ESP,2019,0.057286684
ESP,2021,0.018952583
ESP,1998,0
ESP,2005,0.070961969
ESP,2009,0.043133407
ESP,2014,0.006456535
ESP,2020,0.035892386
ESP,2003,35.74450585
ESP,2022,23.81061
ESP,2017,0.008586608
LKA,1989,1.9128244
LKA,2001,0
LKA,2002,0.010465338
LKA,2012,0.252175
LKA,2014,1.55371272
LKA,2016,0.9474694
LKA,2017,1.5297476
LKA,2019,0.13857028
LKA,2020,0.046050954
LKA,1990,0.19181477
LKA,1991,0.15502456
LKA,1992,0.08510898
LKA,1993,0.40952315
LKA,1994,0
LKA,1995,0.016503856
LKA,1996,0
LKA,1997,0.054203127
LKA,1998,0.005387697
LKA,1999,0.042848554
LKA,2000,0.05325842
LKA,2003,1.2174158
LKA,2004,181.6532243
LKA,2005,0.03049731
LKA,2006,0.12581335
LKA,2007,0.16435367
LKA,2008,0.28098695
LKA,2009,0.014646662
LKA,2010,0.16933936
LKA,2011,0.41707124
LKA,2013,0.55366895
LKA,2015,0.074988194
LKA,2018,0.15754808
LKA,2021,0.16074632
LKA,2022,0.068706013
LKA,2023,0.041107934
LKA,2024,0.00911192
SDN,1990,0
SDN,1991,0
SDN,1992,0
SDN,1996,0.6369891
SDN,2000,0
SDN,2001,0.011132861
SDN,2012,0.09954552
SDN,2015,0.094312014
SDN,2022,0.31147197
SDN,1993,0.108287349
SDN,1994,0.035236653
SDN,1997,0.03271398
SDN,1998,0.59930132
SDN,1999,0.14823969
SDN,2002,0.119693905
SDN,2003,0.0709497
SDN,2005,0.016925868
SDN,2006,0.08901206
SDN,2007,0.48090535
SDN,2009,0.060701426
SDN,2010,0.1066985
SDN,2013,0.21116562
SDN,2014,0.10539615
SDN,2016,0.4342618
SDN,2017,0.061455533
SDN,2018,0.10952625
SDN,2019,0.18042153
SDN,2020,0.34878108
SDN,2021,0.11389221
SDN,2011,0.05810638
SUR,2006,0.5746741
SUR,2008,0.37457463
SUR,2021,0
SUR,2022,0
SWE,2021,0
SWE,1990,0
SWE,1999,0.033902593
SWE,2002,0.011203213
SWE,2005,0.077333204
SWE,2013,0.07254687
SWE,2020,0.009644161
SWE,2022,0.37917033
SWE,2018,0
CHE,1997,0
CHE,1999,0.63005805
CHE,2005,0.08077069
CHE,2006,0.013377901
CHE,2007,0.013259242
CHE,2021,0.19559544
CHE,1990,0.07449694
CHE,1993,0.028834552
CHE,1994,0
CHE,1998,0
CHE,2002,0.068714554
CHE,2003,14.173215
CHE,2009,0
CHE,2010,0
CHE,2011,0
CHE,2013,0
CHE,2014,0.02442661
CHE,2018,0
CHE,2019,0.046644006
CHE,2020,0
CHE,2023,0.045471746
CHE,2024,0.067785665
CHE,2001,0
CHE,2012,0.13757329
CHE,2022,3.4551914
CHE,2017,0.09465565
CHE,2000,0.22277756
SYR,1999,0
SYR,2000,0
SYR,2008,0
SYR,2009,0
SYR,2010,0
SYR,2021,0.004689471
SYR,2022,0.00903945
SYR,2006,0.030876884
SYR,2019,0.009951114
SYR,2023,25.40146
SYR,2024,0
SYR,2001,0.16140652
SYR,2004,0.027648736
SYR,2015,0.067690074
SYR,2020,0.0144421
SYR,2002,0.46609113
TWN,1997,0.24810646
TWN,1998,0.073013787
TWN,2005,0.144760259
TWN,2006,0.03497272
TWN,2012,0.086080507
TWN,2017,0.025353869
TWN,1999,10.268748
TWN,2002,0.053405436
TWN,2010,0.147294
TWN,2013,0.042862658
TWN,2016,0.898515403
TWN,2018,0.383542467
TWN,2022,0.004185257
TWN,2024,0.254695
TWN,1989,0.06371179
TWN,1990,0.024288144
TWN,1991,0.15887825
TWN,1992,0.038182102
TWN,1994,0.2113327
TWN,1996,0.30075285
TWN,2000,0.46407393
TWN,2001,0.87314254
TWN,2003,0.013278049
TWN,2004,0.34797013
TWN,2007,0.078457646
TWN,2008,0.23479971
TWN,2009,2.73389
TWN,2014,0
TWN,2015,0.038278103
TWN,2019,0.008411228
TWN,2020,0.004197894
TWN,2021,0.07544037
TWN,2023,0.012540091
TJK,2000,0
TJK,2001,0.015603513
TJK,2008,0
TJK,1992,28.30514127
TJK,1994,0
TJK,1996,0
TJK,1998,1.00701417
TJK,1999,0.4362179
TJK,2002,0.535024393
TJK,2003,0.104908253
TJK,2004,0
TJK,2005,0.34636268
TJK,2007,0.68165405
TJK,2009,0.28117707
TJK,2010,0.9840215
TJK,2011,0
TJK,2012,0.037705575
TJK,2014,0.24020118
TJK,2015,0.140777886
TJK,2016,0.04584356
TJK,2017,0.14564963
TJK,2018,0.06573087
TJK,2019,0.042840276
TJK,2020,0.020957306
TJK,2021,0.246151876
TJK,2023,0.20702821
TJK,2006,0.354236843
TJK,2013,0
TJK,1993,0.08744599
TJK,1997,0.65390825
TZA,1991,0
TZA,1992,0
TZA,1996,0
TZA,1997,0.26112247
TZA,1998,0.18696459000000001
TZA,1999,0
TZA,2000,0.107359324
TZA,2003,0
TZA,2004,0.026068222
TZA,2006,0
TZA,2011,0.07971384
TZA,2012,0.020926572
TZA,2021,0.001572616
TZA,2022,0.0152677
TZA,1989,0.039180502
TZA,1990,0.7212082
TZA,1993,0.18967988
TZA,1994,0.118249911
TZA,1995,0.00981673
TZA,2001,0.05082669
TZA,2002,0.030258411
TZA,2005,0.007606586
TZA,2008,0.17027873
TZA,2009,0.06142235
TZA,2010,0.024384549
TZA,2014,0.061006147
TZA,2015,0.112289354
TZA,2016,0.060659753
TZA,2017,0.012440676
TZA,2018,0.025821803
TZA,2019,0.07850003
TZA,2020,0.06968696
TZA,2023,0.20759774
TZA,2024,0.031691577
THA,1991,0.09803944
THA,1993,0.0778869
THA,1999,0.035232328
THA,2002,0.295846125
THA,2005,0.110906246
THA,2008,0.057925172
THA,2010,0.37790853
THA,2011,1.271960107
THA,2012,0.031811662
THA,2014,0.132931309
THA,2015,0.004267765
THA,2016,0.049570133
THA,2017,0.21157093
THA,2019,0.036461664
THA,2020,0.061559414
THA,1994,0.221805108
THA,1995,0.434161898
THA,1996,0.16608233
THA,1997,0.34760306
THA,2000,0.172833161
THA,2001,0.29693687
THA,2003,0.013893829
THA,2004,12.82322896
THA,2006,0.4418005
THA,2007,0.07930955
THA,2009,0.022119438
THA,2013,0.12072677
THA,2021,0.022346024
THA,2022,0.029289918
THA,2023,0.008356397
THA,1989,0.8430894
THA,1990,0.06518385
THA,1992,0.010537589
THA,2024,0
TGO,1989,0
TGO,1994,0
TGO,1995,0.07010045
TGO,1998,0
TGO,1999,0
TGO,2006,0
TGO,2007,0.6779617
TGO,2008,0.09642441
TGO,2009,0
TGO,2010,0.33476052
TGO,2017,0
TGO,2020,0.13029188
TGO,2022,0
TKL,1990,0
TKL,2005,0
TON,2015,0
TON,2009,8.398735
TON,1990,1.0127198
TON,1997,0
TON,1998,0
TON,2001,0
TON,2004,0
TON,2011,0
TON,2014,0.93774325
TON,2016,0
TON,2018,0
TON,2020,0
TON,2022,3.7429702
TTO,2010,0
TTO,1993,0.38640502
TTO,1996,0
TTO,2018,0
TTO,2022,0
TTO,1997,0
TTO,1990,0
TTO,2004,0.22039701
TTO,2005,0
TUN,1990,0.4383868
TUN,2003,0.11771864
TUN,2007,0.15122303
TUN,2009,0.15763366
TUN,2018,0.10894123
TUN,2020,0.049335126
TUN,2021,0.024463937
TUN,2022,0.008093158
TUN,2017,0
TUR,1990,0.12701535
TUR,1991,0.077727926
TUR,1995,0.389508616
TUR,1998,0.38398385
TUR,2000,0.024955725
TUR,2001,0.076837947
TUR,2002,0.13032541
TUR,2003,0.278162771
TUR,2004,0.125396321
TUR,2005,0.040754117
TUR,2006,0.106319813
TUR,2007,0.026962262
TUR,2009,0.085842076
TUR,2011,0.883060472
TUR,2012,0.01726945
TUR,2015,0.021344403
TUR,2019,0.022759482
TUR,2020,0.276934453
TUR,2021,0.096726167
TUR,2022,0.005858832
TUR,2023,59.24289906
TUR,2024,0.011592804
TUR,1992,1.62338703
TUR,1996,0
TUR,1999,28.459007
TUR,2010,0.087437246
TUR,2014,0
TUR,2017,0
TUR,1994,0.051448938
TUR,2008,0.002804234
TUR,1993,0.23561852
TUR,2013,0.009141231
TUR,2018,0.02898225
TKM,1993,0
TKM,2000,0.24074578
TCA,1990,0
TCA,2004,0
TCA,2008,14.571949
TCA,2017,0
TUV,2011,0
TUV,2021,0
TUV,1990,0
TUV,1993,0
TUV,2015,0
TUV,2020,0
OWID_USS,1989,0.135074337
OWID_USS,1990,0.023111039
OWID_USS,1991,0.12590263
UGA,1998,0
UGA,1999,0.081617765
UGA,2000,0.1956645
UGA,2001,0.246332005
UGA,2002,0.37580594
UGA,2005,0
UGA,2006,0.010426358
UGA,2008,0.16060378
UGA,2009,0
UGA,2011,0.150169366
UGA,2022,5.37782456
UGA,1997,0.54852283
UGA,2003,0.0948596
UGA,2004,0
UGA,2007,0.11137434
UGA,2012,0.052519023
UGA,2013,0.036854792
UGA,2016,0.049034402
UGA,2017,0.042365387
UGA,2019,0.50059284
UGA,2020,0.078820648
UGA,2021,0.010904226
UGA,2023,0.04734231
UGA,1990,0
UGA,1994,0.034782562
UGA,2010,1.1996887
UGA,2018,0.12284598
UKR,2012,0.4294565
UKR,1993,0.01738176
UKR,1995,0
UKR,1996,0
UKR,1997,0.021925736
UKR,1998,0.03618391
UKR,2001,0.018589457
UKR,2003,0
UKR,2005,0
UKR,2006,1.723451431
UKR,2008,0.08249582
UKR,2010,0.013133981
UKR,2013,0.004414319
UKR,2016,0.089218865
UKR,2020,0.043270655
UKR,2023,0.03265783
UKR,1992,0
UKR,2000,0.020458369
UKR,2007,0
UKR,2018,0
UKR,2021,0.002297191
UKR,2009,0.06977168
UKR,2017,0.08285327
ARE,2017,0
ARE,2024,0
GBR,2022,5.147466712
GBR,1993,0.006938727
GBR,1994,0.012113682
GBR,1997,0.025750989
GBR,1998,0.068448237
GBR,1999,0.01876006
GBR,2000,0.027187746
GBR,2001,0
GBR,2002,0.025271379
GBR,2004,0
GBR,2007,0.044073948
GBR,2008,0.012957112
GBR,2009,0.012852772
GBR,2012,0.01253747
GBR,2013,1.199023999
GBR,2014,0.010806888
GBR,2015,0.004599508
GBR,2017,0
GBR,2019,0.250079894
GBR,2020,3.814524427
GBR,1990,0.1450784
GBR,1989,0.022776611
GBR,1991,0.083682805
GBR,1995,0.015535894
GBR,1996,0.008609026
GBR,2005,0.018216825
GBR,2010,0
GBR,2018,0
GBR,2021,0.001486303
GBR,2023,0
GBR,2003,0.5046119
USA,1991,0.049689899
USA,1999,0.173722069
USA,2000,0.057365732
USA,2001,0.053595732
USA,2002,0.07976411
USA,2007,0.109994141
USA,2008,0.099118435
USA,2009,0.04699979
USA,2011,0.259018977
USA,2012,0.100425918
USA,2014,0.063657883
USA,2015,0.098272443
USA,2017,0.09672786
USA,2018,0.093033049
USA,2020,0.075310613
USA,2021,0.232939316
USA,2022,0.145437409
USA,2023,0.16353106
USA,1990,0.085051926
USA,1992,0.041148179
USA,1993,0.170801618
USA,1994,0.104852343
USA,1995,0.327862002
USA,1996,0.129747323
USA,1997,0.096550818
USA,1998,0.132688018
USA,2003,0.079351495
USA,2004,0.074503005
USA,2005,0.6626406
USA,2006,0.114761122
USA,2010,0.0430615
USA,2013,0.066379609
USA,2016,0.084349446
USA,2019,0.045465464
USA,1989,0.105734098
USA,2024,0.027500302
VIR,1989,0
VIR,1995,6.7653766
VIR,1998,0
VIR,1999,2.7818475
VIR,2004,0
VIR,2017,6.8721776
URY,1999,0.030497428
URY,2000,0.21262203
URY,2018,0
URY,2019,0
URY,2020,0
URY,2021,0
URY,2022,0
URY,2023,0.05842647
URY,1991,0
URY,1992,0
URY,1998,0.030649688
URY,2001,0
URY,2002,0.060487907
URY,2003,0
URY,2007,0.060084473
URY,2009,0.029902866
URY,2015,0.05877478
URY,2016,0.23434515
URY,2017,0
URY,2024,0
URY,1993,0
URY,1997,0.030816015
URY,2005,0.21099171
URY,2004,0
URY,2010,0.1193085
UZB,2000,0
UZB,2001,0
UZB,2005,0
UZB,2020,0.011930803
UZB,2022,0.014439329
UZB,1992,0.046321708
UZB,2011,0.04473895
UZB,1999,0.097550220000000007
UZB,2021,0.023473179
VUT,2002,0
VUT,2009,0
VUT,1990,0
VUT,1994,0
VUT,1997,0
VUT,1999,23.472925
VUT,1992,1.2610897
VUT,1993,2.4605694
VUT,1998,0
VUT,2001,1.0150069
VUT,2004,0.9414822
VUT,2011,0
VUT,2014,4.4453993
VUT,2015,3.9790196
VUT,2017,0
VUT,2020,0.96248245
VUT,2023,0
VUT,2005,0
VUT,2006,0
VUT,2008,0
VUT,2018,0
VUT,2021,0
VEN,2009,0
VEN,2010,0.170642368
VEN,1994,0.203319371
VEN,1996,0
VEN,1997,0.360281202
VEN,1999,125.19316
VEN,2000,0.061405618
VEN,2002,0.015790975
VEN,2003,0.00387867
VEN,2004,0.152514984
VEN,2005,0.36372104
VEN,2006,0
VEN,2008,0.028639102
VEN,2011,0.058426958
VEN,2012,0
VEN,2015,0
VEN,2016,0
VEN,2018,0.006705637
VEN,2019,0.020709876
VEN,2020,0.010529841
VEN,2021,0.16312137
VEN,2022,0.50173667
VEN,2023,0.041611042
VEN,1989,0
VEN,1993,0.47231975
VNM,1997,4.8541517
VNM,1998,0.53547055
VNM,1999,1.022736911
VNM,2002,0.18228646
VNM,2005,0.37045014
VNM,2015,0.056404395
VNM,2016,0.17395688
VNM,2017,0.30202149
VNM,2019,0.061601615
VNM,2020,0.320749336
VNM,1990,0.274985525
VNM,1991,0.71973154
VNM,1992,0.411241055
VNM,1993,0.379339176
VNM,1994,0.49792357
VNM,1995,0.364700695
VNM,1996,1.34896298
VNM,2000,0.749356228
VNM,2001,0.49111872
VNM,2003,0.15710184
VNM,2004,0.229616288
VNM,2006,0.68968144
VNM,2007,0.38460508
VNM,2008,0.47548266
VNM,2009,0.416267175
VNM,2010,0.25282854
VNM,2011,0.156198524
VNM,2012,0.080625899
VNM,2013,0.23818034
VNM,2018,0.14117995
VNM,2021,0.035909213
VNM,2022,0.061107974
VNM,2023,0.030346269
VNM,1989,1.4648745
VNM,2014,0.04165045
WLF,1993,35.90922
WLF,2012,0
OWID_WRL,1989,0.206539271
OWID_WRL,1990,0.95864021
OWID_WRL,1991,2.9408023
OWID_WRL,1992,0.223570018
OWID_WRL,1993,0.379565268
OWID_WRL,1994,0.231154018
OWID_WRL,1995,0.394830803
OWID_WRL,1996,0.253229745
OWID_WRL,1997,0.317143145
OWID_WRL,1998,0.841245548
OWID_WRL,1999,1.157939942
OWID_WRL,2000,0.158190932
OWID_WRL,2001,0.498158562
OWID_WRL,2002,0.192588959
OWID_WRL,2003,1.719060687
OWID_WRL,2004,3.739890355
OWID_WRL,2005,1.360362892
OWID_WRL,2006,0.359336017
OWID_WRL,2007,0.250358752
OWID_WRL,2008,3.455415738
OWID_WRL,2009,0.156748628
OWID_WRL,2010,4.405274495
OWID_WRL,2011,0.584225473
OWID_WRL,2012,0.134158131
OWID_WRL,2013,0.301313261
OWID_WRL,2014,0.10866583
OWID_WRL,2015,0.308068407
OWID_WRL,2016,0.111732601
OWID_WRL,2017,0.128437214
OWID_WRL,2018,0.151813103
OWID_WRL,2019,0.153548944
OWID_WRL,2020,0.199363529
OWID_WRL,2021,0.133071276
OWID_WRL,2022,0.954219429
OWID_WRL,2023,1.075371687
OWID_WRL,2024,0.018721896
YEM,1991,0.07196389
YEM,1993,0.20683151
YEM,1996,2.076521
YEM,1998,0.39754346
YEM,1999,0
YEM,2001,0.32909419
YEM,2002,0.26957384
YEM,2003,0.07429862
YEM,2005,0.40805459
YEM,2006,0.13657282
YEM,2007,0.437249466
YEM,2008,0.3857858
YEM,2010,0.08891065
YEM,2013,0.14823595
YEM,2016,0.13663998
YEM,2017,0.16647585
YEM,2019,0.08241751
YEM,2020,0.62569606
YEM,2021,0.13947152
YEM,2022,0.26708916
YEM,2023,0.740206958
YEM,2015,0.09117512
YEM,2018,0.15913992
YEM,2009,0.045776885
OWID_YAR,1989,0.41196877
OWID_YPR,1989,0.9738995
OWID_YGS,1990,0
ZMB,1991,0
ZMB,1992,0
ZMB,1995,0
ZMB,2005,0
ZMB,2019,0.02176222
ZMB,2020,0.015849773
ZMB,2021,0
ZMB,2022,0.014986759
ZMB,2024,0
ZMB,1989,0
ZMB,1998,0
ZMB,2000,0
ZMB,2001,0.049058247
ZMB,2003,0.036907278
ZMB,2004,0.017876226
ZMB,2007,0.03225266
ZMB,2008,0.108924255
ZMB,2009,0.23276605
ZMB,2010,0.06525477
ZMB,2011,0
ZMB,2013,0
ZMB,2014,0
ZMB,2023,0
ZWE,1991,0
ZWE,1992,0
ZWE,1993,0
ZWE,1994,0
ZWE,1995,0
ZWE,1998,0.31173244
ZWE,2001,0.10914298
ZWE,2002,0
ZWE,2003,0.082810012
ZWE,2007,0.18473056
ZWE,2008,0.031871613
ZWE,2009,0
ZWE,2010,0
ZWE,2011,0
ZWE,2012,0
ZWE,2013,0.92214036
ZWE,2014,0.05773773
ZWE,2015,0.113034763
ZWE,2016,0.21449272
ZWE,2017,1.7015679
ZWE,2018,0
ZWE,2019,4.259308
ZWE,2020,0
ZWE,2021,0.018757591
ZWE,2022,0
ZWE,2000,0.59148204
ZWE,2023,0.012000907
