iso3,year,sanctioned
BEL,1989,1
BEL,1990,1
BEL,1991,1
BEL,1992,1
BEL,1993,1
BEL,1994,1
BEL,1995,1
BEL,1996,1
BEL,1997,1
BEL,1998,1
BEL,1999,1
BEL,2000,1
BEL,2001,1
BEL,2002,1
BEL,2003,1
BEL,2004,1
BEL,2005,1
BEL,2006,1
BEL,2007,1
BEL,2008,1
BEL,2009,1
BEL,2010,1
BEL,2011,1
BEL,2012,1
BEL,2013,1
BEL,2014,1
BEL,2015,1
BEL,2016,1
BEL,2017,1
BEL,2018,1
BEL,2019,1
BEL,2020,1
COD,1989,1
COD,1990,1
COD,1991,1
COD,1992,1
COD,1993,1
COD,1994,1
COD,1995,1
COD,1996,1
COD,1997,1
COD,1998,1
COD,1999,1
COD,2000,1
COD,2001,1
COD,2002,1
COD,2003,1
COD,2004,1
COD,2005,1
COD,2006,1
COD,2007,1
COD,2008,1
COD,2009,1
COD,2010,1
COD,2011,1
COD,2012,1
COD,2013,1
COD,2014,1
COD,2015,1
COD,2016,1
COD,2017,1
COD,2018,1
COD,2019,1
COD,2020,1
FRA,1989,1
FRA,1990,1
FRA,1991,1
FRA,1992,1
FRA,1993,1
FRA,1994,1
FRA,1995,1
FRA,1996,1
FRA,1997,1
FRA,1998,1
FRA,1999,1
FRA,2000,1
FRA,2001,1
FRA,2002,1
FRA,2003,1
FRA,2004,1
FRA,2005,1
FRA,2006,1
FRA,2007,1
FRA,2008,1
FRA,2009,1
FRA,2010,1
FRA,2011,1
FRA,2012,1
FRA,2013,1
FRA,2014,1
FRA,2015,1
FRA,2016,1
FRA,2017,1
FRA,2018,1
FRA,2019,1
FRA,2020,1
KEN,1989,1
KEN,1990,1
KEN,1991,1
KEN,1992,1
KEN,1993,1
KEN,1994,1
KEN,1995,1
KEN,1996,1
KEN,1997,1
KEN,1998,1
KEN,1999,1
KEN,2000,1
KEN,2001,1
KEN,2002,1
KEN,2003,1
KEN,2004,1
KEN,2005,1
KEN,2006,1
KEN,2007,1
KEN,2008,1
KEN,2009,1
KEN,2010,1
KEN,2011,1
KEN,2012,1
KEN,2013,1
KEN,2014,1
KEN,2015,1
KEN,2016,1
KEN,2017,1
KEN,2018,1
KEN,2019,1
KEN,2020,1
RWA,1989,1
RWA,1990,1
RWA,1991,1
RWA,1992,1
RWA,1993,1
RWA,1994,1
RWA,1995,1
RWA,1996,1
RWA,1997,1
RWA,1998,1
RWA,1999,1
RWA,2000,1
RWA,2001,1
RWA,2002,1
RWA,2003,1
RWA,2004,1
RWA,2005,1
RWA,2006,1
RWA,2007,1
RWA,2008,1
RWA,2009,1
RWA,2010,1
RWA,2011,1
RWA,2012,1
RWA,2013,1
RWA,2014,1
RWA,2015,1
RWA,2016,1
RWA,2017,1
RWA,2018,1
RWA,2019,1
RWA,2020,1
UGA,1989,1
UGA,1990,1
UGA,1991,1
UGA,1992,1
UGA,1993,1
UGA,1994,1
UGA,1995,1
UGA,1996,1
UGA,1997,1
UGA,1998,1
UGA,1999,1
UGA,2000,1
UGA,2001,1
UGA,2002,1
UGA,2003,1
UGA,2004,1
UGA,2005,1
UGA,2006,1
UGA,2007,1
UGA,2008,1
UGA,2009,1
UGA,2010,1
UGA,2011,1
UGA,2012,1
UGA,2013,1
UGA,2014,1
UGA,2015,1
UGA,2016,1
UGA,2017,1
UGA,2018,1
UGA,2019,1
UGA,2020,1
TZA,1989,1
TZA,1990,1
TZA,1991,1
TZA,1992,1
TZA,1993,1
TZA,1994,1
TZA,1995,1
TZA,1996,1
TZA,1997,1
TZA,1998,1
TZA,1999,1
TZA,2000,1
TZA,2001,1
TZA,2002,1
TZA,2003,1
TZA,2004,1
TZA,2005,1
TZA,2006,1
TZA,2007,1
TZA,2008,1
TZA,2009,1
TZA,2010,1
TZA,2011,1
TZA,2012,1
TZA,2013,1
TZA,2014,1
TZA,2015,1
TZA,2016,1
TZA,2017,1
TZA,2018,1
TZA,2019,1
TZA,2020,1
MDG,1989,1
MDG,1990,1
MDG,1991,1
MDG,1992,1
MDG,1993,1
MDG,1994,1
MDG,1995,1
MDG,1996,1
MDG,1997,1
MDG,1998,1
MDG,1999,1
MDG,2000,1
MDG,2001,1
MDG,2002,1
MDG,2003,1
MDG,2004,1
MDG,2005,1
MDG,2006,1
MDG,2007,1
MDG,2008,1
MDG,2009,1
MDG,2010,1
MDG,2011,1
MDG,2012,1
MDG,2013,1
MDG,2014,1
MDG,2015,1
MDG,2016,1
MDG,2017,1
MDG,2018,1
MDG,2019,1
MDG,2020,1
REU,1989,0
REU,1990,0
REU,1991,0
REU,1992,0
REU,1993,0
REU,1994,0
REU,1995,0
REU,1996,0
REU,1997,0
REU,1998,0
REU,1999,0
REU,2000,0
REU,2001,0
REU,2002,0
REU,2003,0
REU,2004,0
REU,2005,0
REU,2006,0
REU,2007,0
REU,2008,0
REU,2009,0
REU,2010,0
REU,2011,0
REU,2012,0
REU,2013,0
REU,2014,0
REU,2015,0
REU,2016,0
REU,2017,0
REU,2018,0
REU,2019,0
REU,2020,0
ETH,1989,1
ETH,1990,1
ETH,1991,1
ETH,1992,1
ETH,1993,1
ETH,1994,1
ETH,1995,1
ETH,1996,1
ETH,1997,1
ETH,1998,1
ETH,1999,1
ETH,2000,1
ETH,2001,1
ETH,2002,1
ETH,2003,1
ETH,2004,1
ETH,2005,1
ETH,2006,1
ETH,2007,1
ETH,2008,1
ETH,2009,1
ETH,2010,1
ETH,2011,1
ETH,2012,1
ETH,2013,1
ETH,2014,1
ETH,2015,1
ETH,2016,1
ETH,2017,1
ETH,2018,1
ETH,2019,1
ETH,2020,1
SOM,1989,1
SOM,1990,1
SOM,1991,1
SOM,1992,1
SOM,1993,1
SOM,1994,1
SOM,1995,1
SOM,1996,1
SOM,1997,1
SOM,1998,1
SOM,1999,1
SOM,2000,1
SOM,2001,1
SOM,2002,1
SOM,2003,1
SOM,2004,1
SOM,2005,1
SOM,2006,1
SOM,2007,1
SOM,2008,1
SOM,2009,1
SOM,2010,1
SOM,2011,1
SOM,2012,1
SOM,2013,1
SOM,2014,1
SOM,2015,1
SOM,2016,1
SOM,2017,1
SOM,2018,1
SOM,2019,1
SOM,2020,1
YEM,1989,1
YEM,1990,1
YEM,1991,1
YEM,1992,1
YEM,1993,1
YEM,1994,1
YEM,1995,1
YEM,1996,1
YEM,1997,1
YEM,1998,1
YEM,1999,1
YEM,2000,1
YEM,2001,1
YEM,2002,1
YEM,2003,1
YEM,2004,1
YEM,2005,1
YEM,2006,1
YEM,2007,1
YEM,2008,1
YEM,2009,1
YEM,2010,1
YEM,2011,1
YEM,2012,1
YEM,2013,1
YEM,2014,1
YEM,2015,1
YEM,2016,1
YEM,2017,1
YEM,2018,1
YEM,2019,1
YEM,2020,1
AGO,1989,1
AGO,1990,1
AGO,1991,1
AGO,1992,1
AGO,1993,1
AGO,1994,1
AGO,1995,1
AGO,1996,1
AGO,1997,1
AGO,1998,1
AGO,1999,1
AGO,2000,1
AGO,2001,1
AGO,2002,1
AGO,2003,1
AGO,2004,1
AGO,2005,1
AGO,2006,1
AGO,2007,1
AGO,2008,1
AGO,2009,1
AGO,2010,1
AGO,2011,1
AGO,2012,1
AGO,2013,1
AGO,2014,1
AGO,2015,1
AGO,2016,1
AGO,2017,1
AGO,2018,1
AGO,2019,1
AGO,2020,1
BDI,1989,1
BDI,1990,1
BDI,1991,1
BDI,1992,1
BDI,1993,1
BDI,1994,1
BDI,1995,1
BDI,1996,1
BDI,1997,1
BDI,1998,1
BDI,1999,1
BDI,2000,1
BDI,2001,1
BDI,2002,1
BDI,2003,1
BDI,2004,1
BDI,2005,1
BDI,2006,1
BDI,2007,1
BDI,2008,1
BDI,2009,1
BDI,2010,1
BDI,2011,1
BDI,2012,1
BDI,2013,1
BDI,2014,1
BDI,2015,1
BDI,2016,1
BDI,2017,1
BDI,2018,1
BDI,2019,1
BDI,2020,1
CHN,1989,1
CHN,1990,1
CHN,1991,1
CHN,1992,1
CHN,1993,1
CHN,1994,1
CHN,1995,1
CHN,1996,1
CHN,1997,1
CHN,1998,1
CHN,1999,1
CHN,2000,1
CHN,2001,1
CHN,2002,1
CHN,2003,1
CHN,2004,1
CHN,2005,1
CHN,2006,1
CHN,2007,1
CHN,2008,1
CHN,2009,1
CHN,2010,1
CHN,2011,1
CHN,2012,1
CHN,2013,1
CHN,2014,1
CHN,2015,1
CHN,2016,1
CHN,2017,1
CHN,2018,1
CHN,2019,1
CHN,2020,1
COM,1989,1
COM,1990,1
COM,1991,1
COM,1992,1
COM,1993,1
COM,1994,1
COM,1995,1
COM,1996,1
COM,1997,1
COM,1998,1
COM,1999,1
COM,2000,1
COM,2001,1
COM,2002,1
COM,2003,1
COM,2004,1
COM,2005,1
COM,2006,1
COM,2007,1
COM,2008,1
COM,2009,1
COM,2010,1
COM,2011,1
COM,2012,1
COM,2013,1
COM,2014,1
COM,2015,1
COM,2016,1
COM,2017,1
COM,2018,1
COM,2019,1
COM,2020,1
IND,1989,1
IND,1990,1
IND,1991,1
IND,1992,1
IND,1993,1
IND,1994,1
IND,1995,1
IND,1996,1
IND,1997,1
IND,1998,1
IND,1999,1
IND,2000,1
IND,2001,1
IND,2002,1
IND,2003,1
IND,2004,1
IND,2005,1
IND,2006,1
IND,2007,1
IND,2008,1
IND,2009,1
IND,2010,1
IND,2011,1
IND,2012,1
IND,2013,1
IND,2014,1
IND,2015,1
IND,2016,1
IND,2017,1
IND,2018,1
IND,2019,1
IND,2020,1
MWI,1989,1
MWI,1990,1
MWI,1991,1
MWI,1992,1
MWI,1993,1
MWI,1994,1
MWI,1995,1
MWI,1996,1
MWI,1997,1
MWI,1998,1
MWI,1999,1
MWI,2000,1
MWI,2001,1
MWI,2002,1
MWI,2003,1
MWI,2004,1
MWI,2005,1
MWI,2006,1
MWI,2007,1
MWI,2008,1
MWI,2009,1
MWI,2010,1
MWI,2011,1
MWI,2012,1
MWI,2013,1
MWI,2014,1
MWI,2015,1
MWI,2016,1
MWI,2017,1
MWI,2018,1
MWI,2019,1
MWI,2020,1
MOZ,1989,1
MOZ,1990,1
MOZ,1991,1
MOZ,1992,1
MOZ,1993,1
MOZ,1994,1
MOZ,1995,1
MOZ,1996,1
MOZ,1997,1
MOZ,1998,1
MOZ,1999,1
MOZ,2000,1
MOZ,2001,1
MOZ,2002,1
MOZ,2003,1
MOZ,2004,1
MOZ,2005,1
MOZ,2006,1
MOZ,2007,1
MOZ,2008,1
MOZ,2009,1
MOZ,2010,1
MOZ,2011,1
MOZ,2012,1
MOZ,2013,1
MOZ,2014,1
MOZ,2015,1
MOZ,2016,1
MOZ,2017,1
MOZ,2018,1
MOZ,2019,1
MOZ,2020,1
ZAF,1989,0
ZAF,1990,1
ZAF,1991,1
ZAF,1992,1
ZAF,1993,1
ZAF,1994,1
ZAF,1995,1
ZAF,1996,1
ZAF,1997,1
ZAF,1998,1
ZAF,1999,1
ZAF,2000,1
ZAF,2001,1
ZAF,2002,1
ZAF,2003,1
ZAF,2004,1
ZAF,2005,1
ZAF,2006,1
ZAF,2007,1
ZAF,2008,1
ZAF,2009,1
ZAF,2010,1
ZAF,2011,1
ZAF,2012,1
ZAF,2013,1
ZAF,2014,1
ZAF,2015,1
ZAF,2016,1
ZAF,2017,1
ZAF,2018,1
ZAF,2019,1
ZAF,2020,1
ZWE,1989,1
ZWE,1990,1
ZWE,1991,1
ZWE,1992,1
ZWE,1993,1
ZWE,1994,1
ZWE,1995,1
ZWE,1996,1
ZWE,1997,1
ZWE,1998,1
ZWE,1999,1
ZWE,2000,1
ZWE,2001,1
ZWE,2002,1
ZWE,2003,1
ZWE,2004,1
ZWE,2005,1
ZWE,2006,1
ZWE,2007,1
ZWE,2008,1
ZWE,2009,1
ZWE,2010,1
ZWE,2011,1
ZWE,2012,1
ZWE,2013,1
ZWE,2014,1
ZWE,2015,1
ZWE,2016,1
ZWE,2017,1
ZWE,2018,1
ZWE,2019,1
ZWE,2020,1
SSD,1989,0
SSD,1990,0
SSD,1991,0
SSD,1992,0
SSD,1993,0
SSD,1994,0
SSD,1995,0
SSD,1996,0
SSD,1997,0
SSD,1998,0
SSD,1999,0
SSD,2000,0
SSD,2001,0
SSD,2002,0
SSD,2003,0
SSD,2004,0
SSD,2005,0
SSD,2006,0
SSD,2007,0
SSD,2008,0
SSD,2009,0
SSD,2010,0
SSD,2011,1
SSD,2012,1
SSD,2013,1
SSD,2014,1
SSD,2015,1
SSD,2016,1
SSD,2017,1
SSD,2018,1
SSD,2019,1
SSD,2020,1
SDN,1989,1
SDN,1990,1
SDN,1991,1
SDN,1992,1
SDN,1993,1
SDN,1994,1
SDN,1995,1
SDN,1996,1
SDN,1997,1
SDN,1998,1
SDN,1999,1
SDN,2000,1
SDN,2001,1
SDN,2002,1
SDN,2003,1
SDN,2004,1
SDN,2005,1
SDN,2006,1
SDN,2007,1
SDN,2008,1
SDN,2009,1
SDN,2010,1
SDN,2011,1
SDN,2012,1
SDN,2013,1
SDN,2014,1
SDN,2015,1
SDN,2016,1
SDN,2017,1
SDN,2018,1
SDN,2019,1
SDN,2020,1
GBR,1989,1
GBR,1990,1
GBR,1991,1
GBR,1992,1
GBR,1993,1
GBR,1994,1
GBR,1995,1
GBR,1996,1
GBR,1997,1
GBR,1998,1
GBR,1999,1
GBR,2000,1
GBR,2001,1
GBR,2002,1
GBR,2003,1
GBR,2004,1
GBR,2005,1
GBR,2006,1
GBR,2007,1
GBR,2008,1
GBR,2009,1
GBR,2010,1
GBR,2011,1
GBR,2012,1
GBR,2013,1
GBR,2014,1
GBR,2015,1
GBR,2016,1
GBR,2017,1
GBR,2018,1
GBR,2019,1
GBR,2020,1
ZMB,1989,1
ZMB,1990,1
ZMB,1991,1
ZMB,1992,1
ZMB,1993,1
ZMB,1994,1
ZMB,1995,1
ZMB,1996,1
ZMB,1997,1
ZMB,1998,1
ZMB,1999,1
ZMB,2000,1
ZMB,2001,1
ZMB,2002,1
ZMB,2003,1
ZMB,2004,1
ZMB,2005,1
ZMB,2006,1
ZMB,2007,1
ZMB,2008,1
ZMB,2009,1
ZMB,2010,1
ZMB,2011,1
ZMB,2012,1
ZMB,2013,1
ZMB,2014,1
ZMB,2015,1
ZMB,2016,1
ZMB,2017,1
ZMB,2018,1
ZMB,2019,1
ZMB,2020,1
ERI,1989,0
ERI,1990,0
ERI,1991,0
ERI,1992,0
ERI,1993,1
ERI,1994,1
ERI,1995,1
ERI,1996,1
ERI,1997,1
ERI,1998,1
ERI,1999,1
ERI,2000,1
ERI,2001,1
ERI,2002,1
ERI,2003,1
ERI,2004,1
ERI,2005,1
ERI,2006,1
ERI,2007,1
ERI,2008,1
ERI,2009,1
ERI,2010,1
ERI,2011,1
ERI,2012,1
ERI,2013,1
ERI,2014,1
ERI,2015,1
ERI,2016,1
ERI,2017,1
ERI,2018,1
ERI,2019,1
ERI,2020,1
DJI,1989,1
DJI,1990,1
DJI,1991,1
DJI,1992,1
DJI,1993,1
DJI,1994,1
DJI,1995,1
DJI,1996,1
DJI,1997,1
DJI,1998,1
DJI,1999,1
DJI,2000,1
DJI,2001,1
DJI,2002,1
DJI,2003,1
DJI,2004,1
DJI,2005,1
DJI,2006,1
DJI,2007,1
DJI,2008,1
DJI,2009,1
DJI,2010,1
DJI,2011,1
DJI,2012,1
DJI,2013,1
DJI,2014,1
DJI,2015,1
DJI,2016,1
DJI,2017,1
DJI,2018,1
DJI,2019,1
DJI,2020,1
NAM,1989,0
NAM,1990,1
NAM,1991,1
NAM,1992,1
NAM,1993,1
NAM,1994,1
NAM,1995,1
NAM,1996,1
NAM,1997,1
NAM,1998,1
NAM,1999,1
NAM,2000,1
NAM,2001,1
NAM,2002,1
NAM,2003,1
NAM,2004,1
NAM,2005,1
NAM,2006,1
NAM,2007,1
NAM,2008,1
NAM,2009,1
NAM,2010,1
NAM,2011,1
NAM,2012,1
NAM,2013,1
NAM,2014,1
NAM,2015,1
NAM,2016,1
NAM,2017,1
NAM,2018,1
NAM,2019,1
NAM,2020,1
COG,1989,1
COG,1990,1
COG,1991,1
COG,1992,1
COG,1993,1
COG,1994,1
COG,1995,1
COG,1996,1
COG,1997,1
COG,1998,1
COG,1999,1
COG,2000,1
COG,2001,1
COG,2002,1
COG,2003,1
COG,2004,1
COG,2005,1
COG,2006,1
COG,2007,1
COG,2008,1
COG,2009,1
COG,2010,1
COG,2011,1
COG,2012,1
COG,2013,1
COG,2014,1
COG,2015,1
COG,2016,1
COG,2017,1
COG,2018,1
COG,2019,1
COG,2020,1
BGD,1989,1
BGD,1990,1
BGD,1991,1
BGD,1992,1
BGD,1993,1
BGD,1994,1
BGD,1995,1
BGD,1996,1
BGD,1997,1
BGD,1998,1
BGD,1999,1
BGD,2000,1
BGD,2001,1
BGD,2002,1
BGD,2003,1
BGD,2004,1
BGD,2005,1
BGD,2006,1
BGD,2007,1
BGD,2008,1
BGD,2009,1
BGD,2010,1
BGD,2011,1
BGD,2012,1
BGD,2013,1
BGD,2014,1
BGD,2015,1
BGD,2016,1
BGD,2017,1
BGD,2018,1
BGD,2019,1
BGD,2020,1
CAN,1989,1
CAN,1990,1
CAN,1991,1
CAN,1992,1
CAN,1993,1
CAN,1994,1
CAN,1995,1
CAN,1996,1
CAN,1997,1
CAN,1998,1
CAN,1999,1
CAN,2000,1
CAN,2001,1
CAN,2002,1
CAN,2003,1
CAN,2004,1
CAN,2005,1
CAN,2006,1
CAN,2007,1
CAN,2008,1
CAN,2009,1
CAN,2010,1
CAN,2011,1
CAN,2012,1
CAN,2013,1
CAN,2014,1
CAN,2015,1
CAN,2016,1
CAN,2017,1
CAN,2018,1
CAN,2019,1
CAN,2020,1
LKA,1989,1
LKA,1990,1
LKA,1991,1
LKA,1992,1
LKA,1993,1
LKA,1994,1
LKA,1995,1
LKA,1996,1
LKA,1997,1
LKA,1998,1
LKA,1999,1
LKA,2000,1
LKA,2001,1
LKA,2002,1
LKA,2003,1
LKA,2004,1
LKA,2005,1
LKA,2006,1
LKA,2007,1
LKA,2008,1
LKA,2009,1
LKA,2010,1
LKA,2011,1
LKA,2012,1
LKA,2013,1
LKA,2014,1
LKA,2015,1
LKA,2016,1
LKA,2017,1
LKA,2018,1
LKA,2019,1
LKA,2020,1
DEU,1989,1
DEU,1990,1
DEU,1991,1
DEU,1992,1
DEU,1993,1
DEU,1994,1
DEU,1995,1
DEU,1996,1
DEU,1997,1
DEU,1998,1
DEU,1999,1
DEU,2000,1
DEU,2001,1
DEU,2002,1
DEU,2003,1
DEU,2004,1
DEU,2005,1
DEU,2006,1
DEU,2007,1
DEU,2008,1
DEU,2009,1
DEU,2010,1
DEU,2011,1
DEU,2012,1
DEU,2013,1
DEU,2014,1
DEU,2015,1
DEU,2016,1
DEU,2017,1
DEU,2018,1
DEU,2019,1
DEU,2020,1
HKG,1989,0
HKG,1990,0
HKG,1991,0
HKG,1992,0
HKG,1993,0
HKG,1994,0
HKG,1995,0
HKG,1996,0
HKG,1997,0
HKG,1998,0
HKG,1999,0
HKG,2000,0
HKG,2001,0
HKG,2002,0
HKG,2003,0
HKG,2004,0
HKG,2005,0
HKG,2006,0
HKG,2007,0
HKG,2008,0
HKG,2009,0
HKG,2010,0
HKG,2011,0
HKG,2012,0
HKG,2013,0
HKG,2014,0
HKG,2015,0
HKG,2016,0
HKG,2017,0
HKG,2018,0
HKG,2019,0
HKG,2020,0
IRL,1989,1
IRL,1990,1
IRL,1991,1
IRL,1992,1
IRL,1993,1
IRL,1994,1
IRL,1995,1
IRL,1996,1
IRL,1997,1
IRL,1998,1
IRL,1999,1
IRL,2000,1
IRL,2001,1
IRL,2002,1
IRL,2003,1
IRL,2004,1
IRL,2005,1
IRL,2006,1
IRL,2007,1
IRL,2008,1
IRL,2009,1
IRL,2010,1
IRL,2011,1
IRL,2012,1
IRL,2013,1
IRL,2014,1
IRL,2015,1
IRL,2016,1
IRL,2017,1
IRL,2018,1
IRL,2019,1
IRL,2020,1
ITA,1989,1
ITA,1990,1
ITA,1991,1
ITA,1992,1
ITA,1993,1
ITA,1994,1
ITA,1995,1
ITA,1996,1
ITA,1997,1
ITA,1998,1
ITA,1999,1
ITA,2000,1
ITA,2001,1
ITA,2002,1
ITA,2003,1
ITA,2004,1
ITA,2005,1
ITA,2006,1
ITA,2007,1
ITA,2008,1
ITA,2009,1
ITA,2010,1
ITA,2011,1
ITA,2012,1
ITA,2013,1
ITA,2014,1
ITA,2015,1
ITA,2016,1
ITA,2017,1
ITA,2018,1
ITA,2019,1
ITA,2020,1
JPN,1989,1
JPN,1990,1
JPN,1991,1
JPN,1992,1
JPN,1993,1
JPN,1994,1
JPN,1995,1
JPN,1996,1
JPN,1997,1
JPN,1998,1
JPN,1999,1
JPN,2000,1
JPN,2001,1
JPN,2002,1
JPN,2003,1
JPN,2004,1
JPN,2005,1
JPN,2006,1
JPN,2007,1
JPN,2008,1
JPN,2009,1
JPN,2010,1
JPN,2011,1
JPN,2012,1
JPN,2013,1
JPN,2014,1
JPN,2015,1
JPN,2016,1
JPN,2017,1
JPN,2018,1
JPN,2019,1
JPN,2020,1
MYS,1989,1
MYS,1990,1
MYS,1991,1
MYS,1992,1
MYS,1993,1
MYS,1994,1
MYS,1995,1
MYS,1996,1
MYS,1997,1
MYS,1998,1
MYS,1999,1
MYS,2000,1
MYS,2001,1
MYS,2002,1
MYS,2003,1
MYS,2004,1
MYS,2005,1
MYS,2006,1
MYS,2007,1
MYS,2008,1
MYS,2009,1
MYS,2010,1
MYS,2011,1
MYS,2012,1
MYS,2013,1
MYS,2014,1
MYS,2015,1
MYS,2016,1
MYS,2017,1
MYS,2018,1
MYS,2019,1
MYS,2020,1
PAK,1989,1
PAK,1990,1
PAK,1991,1
PAK,1992,1
PAK,1993,1
PAK,1994,1
PAK,1995,1
PAK,1996,1
PAK,1997,1
PAK,1998,1
PAK,1999,1
PAK,2000,1
PAK,2001,1
PAK,2002,1
PAK,2003,1
PAK,2004,1
PAK,2005,1
PAK,2006,1
PAK,2007,1
PAK,2008,1
PAK,2009,1
PAK,2010,1
PAK,2011,1
PAK,2012,1
PAK,2013,1
PAK,2014,1
PAK,2015,1
PAK,2016,1
PAK,2017,1
PAK,2018,1
PAK,2019,1
PAK,2020,1
RUS,1989,1
RUS,1990,1
RUS,1991,1
RUS,1992,1
RUS,1993,1
RUS,1994,1
RUS,1995,1
RUS,1996,1
RUS,1997,1
RUS,1998,1
RUS,1999,1
RUS,2000,1
RUS,2001,1
RUS,2002,1
RUS,2003,1
RUS,2004,1
RUS,2005,1
RUS,2006,1
RUS,2007,1
RUS,2008,1
RUS,2009,1
RUS,2010,1
RUS,2011,1
RUS,2012,1
RUS,2013,1
RUS,2014,1
RUS,2015,1
RUS,2016,1
RUS,2017,1
RUS,2018,1
RUS,2019,1
RUS,2020,1
SYC,1989,1
SYC,1990,1
SYC,1991,1
SYC,1992,1
SYC,1993,1
SYC,1994,1
SYC,1995,1
SYC,1996,1
SYC,1997,1
SYC,1998,1
SYC,1999,1
SYC,2000,1
SYC,2001,1
SYC,2002,1
SYC,2003,1
SYC,2004,1
SYC,2005,1
SYC,2006,1
SYC,2007,1
SYC,2008,1
SYC,2009,1
SYC,2010,1
SYC,2011,1
SYC,2012,1
SYC,2013,1
SYC,2014,1
SYC,2015,1
SYC,2016,1
SYC,2017,1
SYC,2018,1
SYC,2019,1
SYC,2020,1
ESP,1989,1
ESP,1990,1
ESP,1991,1
ESP,1992,1
ESP,1993,1
ESP,1994,1
ESP,1995,1
ESP,1996,1
ESP,1997,1
ESP,1998,1
ESP,1999,1
ESP,2000,1
ESP,2001,1
ESP,2002,1
ESP,2003,1
ESP,2004,1
ESP,2005,1
ESP,2006,1
ESP,2007,1
ESP,2008,1
ESP,2009,1
ESP,2010,1
ESP,2011,1
ESP,2012,1
ESP,2013,1
ESP,2014,1
ESP,2015,1
ESP,2016,1
ESP,2017,1
ESP,2018,1
ESP,2019,1
ESP,2020,1
CHE,1989,1
CHE,1990,1
CHE,1991,1
CHE,1992,1
CHE,1993,1
CHE,1994,1
CHE,1995,0
CHE,1996,0
CHE,1997,0
CHE,1998,0
CHE,1999,1
CHE,2000,1
CHE,2001,1
CHE,2002,1
CHE,2003,1
CHE,2004,1
CHE,2005,1
CHE,2006,1
CHE,2007,1
CHE,2008,1
CHE,2009,1
CHE,2010,1
CHE,2011,1
CHE,2012,1
CHE,2013,1
CHE,2014,1
CHE,2015,1
CHE,2016,1
CHE,2017,1
CHE,2018,1
CHE,2019,1
CHE,2020,1
USA,1989,1
USA,1990,1
USA,1991,1
USA,1992,1
USA,1993,1
USA,1994,1
USA,1995,1
USA,1996,1
USA,1997,1
USA,1998,1
USA,1999,1
USA,2000,1
USA,2001,1
USA,2002,1
USA,2003,1
USA,2004,1
USA,2005,1
USA,2006,1
USA,2007,1
USA,2008,1
USA,2009,1
USA,2010,1
USA,2011,1
USA,2012,1
USA,2013,1
USA,2014,1
USA,2015,1
USA,2016,1
USA,2017,1
USA,2018,1
USA,2019,1
USA,2020,1
CPV,1989,1
CPV,1990,1
CPV,1991,1
CPV,1992,1
CPV,1993,1
CPV,1994,1
CPV,1995,1
CPV,1996,1
CPV,1997,1
CPV,1998,1
CPV,1999,1
CPV,2000,1
CPV,2001,1
CPV,2002,1
CPV,2003,1
CPV,2004,1
CPV,2005,1
CPV,2006,1
CPV,2007,1
CPV,2008,1
CPV,2009,1
CPV,2010,1
CPV,2011,1
CPV,2012,1
CPV,2013,1
CPV,2014,1
CPV,2015,1
CPV,2016,1
CPV,2017,1
CPV,2018,1
CPV,2019,1
CPV,2020,1
LSO,1989,1
LSO,1990,1
LSO,1991,1
LSO,1992,1
LSO,1993,1
LSO,1994,1
LSO,1995,1
LSO,1996,1
LSO,1997,1
LSO,1998,1
LSO,1999,1
LSO,2000,1
LSO,2001,1
LSO,2002,1
LSO,2003,1
LSO,2004,1
LSO,2005,1
LSO,2006,1
LSO,2007,1
LSO,2008,1
LSO,2009,1
LSO,2010,1
LSO,2011,1
LSO,2012,1
LSO,2013,1
LSO,2014,1
LSO,2015,1
LSO,2016,1
LSO,2017,1
LSO,2018,1
LSO,2019,1
LSO,2020,1
NGA,1989,1
NGA,1990,1
NGA,1991,1
NGA,1992,1
NGA,1993,1
NGA,1994,1
NGA,1995,1
NGA,1996,1
NGA,1997,1
NGA,1998,1
NGA,1999,1
NGA,2000,1
NGA,2001,1
NGA,2002,1
NGA,2003,1
NGA,2004,1
NGA,2005,1
NGA,2006,1
NGA,2007,1
NGA,2008,1
NGA,2009,1
NGA,2010,1
NGA,2011,1
NGA,2012,1
NGA,2013,1
NGA,2014,1
NGA,2015,1
NGA,2016,1
NGA,2017,1
NGA,2018,1
NGA,2019,1
NGA,2020,1
PRT,1989,1
PRT,1990,1
PRT,1991,1
PRT,1992,1
PRT,1993,1
PRT,1994,1
PRT,1995,1
PRT,1996,1
PRT,1997,1
PRT,1998,1
PRT,1999,1
PRT,2000,1
PRT,2001,1
PRT,2002,1
PRT,2003,1
PRT,2004,1
PRT,2005,1
PRT,2006,1
PRT,2007,1
PRT,2008,1
PRT,2009,1
PRT,2010,1
PRT,2011,1
PRT,2012,1
PRT,2013,1
PRT,2014,1
PRT,2015,1
PRT,2016,1
PRT,2017,1
PRT,2018,1
PRT,2019,1
PRT,2020,1
MUS,1989,1
MUS,1990,1
MUS,1991,1
MUS,1992,1
MUS,1993,1
MUS,1994,1
MUS,1995,1
MUS,1996,1
MUS,1997,1
MUS,1998,1
MUS,1999,1
MUS,2000,1
MUS,2001,1
MUS,2002,1
MUS,2003,1
MUS,2004,1
MUS,2005,1
MUS,2006,1
MUS,2007,1
MUS,2008,1
MUS,2009,1
MUS,2010,1
MUS,2011,1
MUS,2012,1
MUS,2013,1
MUS,2014,1
MUS,2015,1
MUS,2016,1
MUS,2017,1
MUS,2018,1
MUS,2019,1
MUS,2020,1
MYT,1989,0
MYT,1990,0
MYT,1991,0
MYT,1992,0
MYT,1993,0
MYT,1994,0
MYT,1995,0
MYT,1996,0
MYT,1997,0
MYT,1998,0
MYT,1999,0
MYT,2000,0
MYT,2001,0
MYT,2002,0
MYT,2003,0
MYT,2004,0
MYT,2005,0
MYT,2006,0
MYT,2007,0
MYT,2008,0
MYT,2009,0
MYT,2010,0
MYT,2011,0
MYT,2012,0
MYT,2013,0
MYT,2014,0
MYT,2015,0
MYT,2016,0
MYT,2017,0
MYT,2018,0
MYT,2019,0
MYT,2020,0
AUS,1989,1
AUS,1990,1
AUS,1991,1
AUS,1992,1
AUS,1993,1
AUS,1994,1
AUS,1995,1
AUS,1996,1
AUS,1997,1
AUS,1998,1
AUS,1999,1
AUS,2000,1
AUS,2001,1
AUS,2002,1
AUS,2003,1
AUS,2004,1
AUS,2005,1
AUS,2006,1
AUS,2007,1
AUS,2008,1
AUS,2009,1
AUS,2010,1
AUS,2011,1
AUS,2012,1
AUS,2013,1
AUS,2014,1
AUS,2015,1
AUS,2016,1
AUS,2017,1
AUS,2018,1
AUS,2019,1
AUS,2020,1
CUB,1989,1
CUB,1990,1
CUB,1991,1
CUB,1992,1
CUB,1993,1
CUB,1994,1
CUB,1995,1
CUB,1996,1
CUB,1997,1
CUB,1998,1
CUB,1999,1
CUB,2000,1
CUB,2001,1
CUB,2002,1
CUB,2003,1
CUB,2004,1
CUB,2005,1
CUB,2006,1
CUB,2007,1
CUB,2008,1
CUB,2009,1
CUB,2010,1
CUB,2011,1
CUB,2012,1
CUB,2013,1
CUB,2014,1
CUB,2015,1
CUB,2016,1
CUB,2017,1
CUB,2018,1
CUB,2019,1
CUB,2020,1
IDN,1989,1
IDN,1990,1
IDN,1991,1
IDN,1992,1
IDN,1993,1
IDN,1994,1
IDN,1995,1
IDN,1996,1
IDN,1997,1
IDN,1998,1
IDN,1999,1
IDN,2000,1
IDN,2001,1
IDN,2002,1
IDN,2003,1
IDN,2004,1
IDN,2005,1
IDN,2006,1
IDN,2007,1
IDN,2008,1
IDN,2009,1
IDN,2010,1
IDN,2011,1
IDN,2012,1
IDN,2013,1
IDN,2014,1
IDN,2015,1
IDN,2016,1
IDN,2017,1
IDN,2018,1
IDN,2019,1
IDN,2020,1
MDV,1989,1
MDV,1990,1
MDV,1991,1
MDV,1992,1
MDV,1993,1
MDV,1994,1
MDV,1995,1
MDV,1996,1
MDV,1997,1
MDV,1998,1
MDV,1999,1
MDV,2000,1
MDV,2001,1
MDV,2002,1
MDV,2003,1
MDV,2004,1
MDV,2005,1
MDV,2006,1
MDV,2007,1
MDV,2008,1
MDV,2009,1
MDV,2010,1
MDV,2011,1
MDV,2012,1
MDV,2013,1
MDV,2014,1
MDV,2015,1
MDV,2016,1
MDV,2017,1
MDV,2018,1
MDV,2019,1
MDV,2020,1
NPL,1989,1
NPL,1990,1
NPL,1991,1
NPL,1992,1
NPL,1993,1
NPL,1994,1
NPL,1995,1
NPL,1996,1
NPL,1997,1
NPL,1998,1
NPL,1999,1
NPL,2000,1
NPL,2001,1
NPL,2002,1
NPL,2003,1
NPL,2004,1
NPL,2005,1
NPL,2006,1
NPL,2007,1
NPL,2008,1
NPL,2009,1
NPL,2010,1
NPL,2011,1
NPL,2012,1
NPL,2013,1
NPL,2014,1
NPL,2015,1
NPL,2016,1
NPL,2017,1
NPL,2018,1
NPL,2019,1
NPL,2020,1
PHL,1989,1
PHL,1990,1
PHL,1991,1
PHL,1992,1
PHL,1993,1
PHL,1994,1
PHL,1995,1
PHL,1996,1
PHL,1997,1
PHL,1998,1
PHL,1999,1
PHL,2000,1
PHL,2001,1
PHL,2002,1
PHL,2003,1
PHL,2004,1
PHL,2005,1
PHL,2006,1
PHL,2007,1
PHL,2008,1
PHL,2009,1
PHL,2010,1
PHL,2011,1
PHL,2012,1
PHL,2013,1
PHL,2014,1
PHL,2015,1
PHL,2016,1
PHL,2017,1
PHL,2018,1
PHL,2019,1
PHL,2020,1
THA,1989,1
THA,1990,1
THA,1991,1
THA,1992,1
THA,1993,1
THA,1994,1
THA,1995,1
THA,1996,1
THA,1997,1
THA,1998,1
THA,1999,1
THA,2000,1
THA,2001,1
THA,2002,1
THA,2003,1
THA,2004,1
THA,2005,1
THA,2006,1
THA,2007,1
THA,2008,1
THA,2009,1
THA,2010,1
THA,2011,1
THA,2012,1
THA,2013,1
THA,2014,1
THA,2015,1
THA,2016,1
THA,2017,1
THA,2018,1
THA,2019,1
THA,2020,1
CAF,1989,1
CAF,1990,1
CAF,1991,1
CAF,1992,1
CAF,1993,1
CAF,1994,1
CAF,1995,1
CAF,1996,1
CAF,1997,1
CAF,1998,1
CAF,1999,1
CAF,2000,1
CAF,2001,1
CAF,2002,1
CAF,2003,1
CAF,2004,1
CAF,2005,1
CAF,2006,1
CAF,2007,1
CAF,2008,1
CAF,2009,1
CAF,2010,1
CAF,2011,1
CAF,2012,1
CAF,2013,1
CAF,2014,1
CAF,2015,1
CAF,2016,1
CAF,2017,1
CAF,2018,1
CAF,2019,1
CAF,2020,1
TCD,1989,1
TCD,1990,1
TCD,1991,1
TCD,1992,1
TCD,1993,1
TCD,1994,1
TCD,1995,1
TCD,1996,1
TCD,1997,1
TCD,1998,1
TCD,1999,1
TCD,2000,1
TCD,2001,1
TCD,2002,1
TCD,2003,1
TCD,2004,1
TCD,2005,1
TCD,2006,1
TCD,2007,1
TCD,2008,1
TCD,2009,1
TCD,2010,1
TCD,2011,1
TCD,2012,1
TCD,2013,1
TCD,2014,1
TCD,2015,1
TCD,2016,1
TCD,2017,1
TCD,2018,1
TCD,2019,1
TCD,2020,1
EGY,1989,1
EGY,1990,1
EGY,1991,1
EGY,1992,1
EGY,1993,1
EGY,1994,1
EGY,1995,1
EGY,1996,1
EGY,1997,1
EGY,1998,1
EGY,1999,1
EGY,2000,1
EGY,2001,1
EGY,2002,1
EGY,2003,1
EGY,2004,1
EGY,2005,1
EGY,2006,1
EGY,2007,1
EGY,2008,1
EGY,2009,1
EGY,2010,1
EGY,2011,1
EGY,2012,1
EGY,2013,1
EGY,2014,1
EGY,2015,1
EGY,2016,1
EGY,2017,1
EGY,2018,1
EGY,2019,1
EGY,2020,1
LBY,1989,1
LBY,1990,1
LBY,1991,1
LBY,1992,1
LBY,1993,1
LBY,1994,1
LBY,1995,1
LBY,1996,1
LBY,1997,1
LBY,1998,1
LBY,1999,1
LBY,2000,1
LBY,2001,1
LBY,2002,1
LBY,2003,1
LBY,2004,1
LBY,2005,1
LBY,2006,1
LBY,2007,1
LBY,2008,1
LBY,2009,1
LBY,2010,1
LBY,2011,1
LBY,2012,1
LBY,2013,1
LBY,2014,1
LBY,2015,1
LBY,2016,1
LBY,2017,1
LBY,2018,1
LBY,2019,1
LBY,2020,1
MLI,1989,1
MLI,1990,1
MLI,1991,1
MLI,1992,1
MLI,1993,1
MLI,1994,1
MLI,1995,1
MLI,1996,1
MLI,1997,1
MLI,1998,1
MLI,1999,1
MLI,2000,1
MLI,2001,1
MLI,2002,1
MLI,2003,1
MLI,2004,1
MLI,2005,1
MLI,2006,1
MLI,2007,1
MLI,2008,1
MLI,2009,1
MLI,2010,1
MLI,2011,1
MLI,2012,1
MLI,2013,1
MLI,2014,1
MLI,2015,1
MLI,2016,1
MLI,2017,1
MLI,2018,1
MLI,2019,1
MLI,2020,1
DZA,1989,1
DZA,1990,1
DZA,1991,1
DZA,1992,1
DZA,1993,1
DZA,1994,1
DZA,1995,1
DZA,1996,1
DZA,1997,1
DZA,1998,1
DZA,1999,1
DZA,2000,1
DZA,2001,1
DZA,2002,1
DZA,2003,1
DZA,2004,1
DZA,2005,1
DZA,2006,1
DZA,2007,1
DZA,2008,1
DZA,2009,1
DZA,2010,1
DZA,2011,1
DZA,2012,1
DZA,2013,1
DZA,2014,1
DZA,2015,1
DZA,2016,1
DZA,2017,1
DZA,2018,1
DZA,2019,1
DZA,2020,1
DNK,1989,1
DNK,1990,1
DNK,1991,1
DNK,1992,1
DNK,1993,1
DNK,1994,1
DNK,1995,1
DNK,1996,1
DNK,1997,1
DNK,1998,1
DNK,1999,1
DNK,2000,1
DNK,2001,1
DNK,2002,1
DNK,2003,1
DNK,2004,1
DNK,2005,1
DNK,2006,1
DNK,2007,1
DNK,2008,1
DNK,2009,1
DNK,2010,1
DNK,2011,1
DNK,2012,1
DNK,2013,1
DNK,2014,1
DNK,2015,1
DNK,2016,1
DNK,2017,1
DNK,2018,1
DNK,2019,1
DNK,2020,1
GMB,1989,1
GMB,1990,1
GMB,1991,1
GMB,1992,1
GMB,1993,1
GMB,1994,1
GMB,1995,1
GMB,1996,1
GMB,1997,1
GMB,1998,1
GMB,1999,1
GMB,2000,1
GMB,2001,1
GMB,2002,1
GMB,2003,1
GMB,2004,1
GMB,2005,1
GMB,2006,1
GMB,2007,1
GMB,2008,1
GMB,2009,1
GMB,2010,1
GMB,2011,1
GMB,2012,1
GMB,2013,1
GMB,2014,1
GMB,2015,1
GMB,2016,1
GMB,2017,1
GMB,2018,1
GMB,2019,1
GMB,2020,1
GHA,1989,1
GHA,1990,1
GHA,1991,1
GHA,1992,1
GHA,1993,1
GHA,1994,1
GHA,1995,1
GHA,1996,1
GHA,1997,1
GHA,1998,1
GHA,1999,1
GHA,2000,1
GHA,2001,1
GHA,2002,1
GHA,2003,1
GHA,2004,1
GHA,2005,1
GHA,2006,1
GHA,2007,1
GHA,2008,1
GHA,2009,1
GHA,2010,1
GHA,2011,1
GHA,2012,1
GHA,2013,1
GHA,2014,1
GHA,2015,1
GHA,2016,1
GHA,2017,1
GHA,2018,1
GHA,2019,1
GHA,2020,1
GRC,1989,1
GRC,1990,1
GRC,1991,1
GRC,1992,1
GRC,1993,1
GRC,1994,1
GRC,1995,1
GRC,1996,1
GRC,1997,1
GRC,1998,1
GRC,1999,1
GRC,2000,1
GRC,2001,1
GRC,2002,1
GRC,2003,1
GRC,2004,1
GRC,2005,1
GRC,2006,1
GRC,2007,1
GRC,2008,1
GRC,2009,1
GRC,2010,1
GRC,2011,1
GRC,2012,1
GRC,2013,1
GRC,2014,1
GRC,2015,1
GRC,2016,1
GRC,2017,1
GRC,2018,1
GRC,2019,1
GRC,2020,1
HUN,1989,1
HUN,1990,1
HUN,1991,1
HUN,1992,1
HUN,1993,1
HUN,1994,1
HUN,1995,1
HUN,1996,1
HUN,1997,1
HUN,1998,1
HUN,1999,1
HUN,2000,1
HUN,2001,1
HUN,2002,1
HUN,2003,1
HUN,2004,1
HUN,2005,1
HUN,2006,1
HUN,2007,1
HUN,2008,1
HUN,2009,1
HUN,2010,1
HUN,2011,1
HUN,2012,1
HUN,2013,1
HUN,2014,1
HUN,2015,1
HUN,2016,1
HUN,2017,1
HUN,2018,1
HUN,2019,1
HUN,2020,1
CIV,1989,1
CIV,1990,1
CIV,1991,1
CIV,1992,1
CIV,1993,1
CIV,1994,1
CIV,1995,1
CIV,1996,1
CIV,1997,1
CIV,1998,1
CIV,1999,1
CIV,2000,1
CIV,2001,1
CIV,2002,1
CIV,2003,1
CIV,2004,1
CIV,2005,1
CIV,2006,1
CIV,2007,1
CIV,2008,1
CIV,2009,1
CIV,2010,1
CIV,2011,1
CIV,2012,1
CIV,2013,1
CIV,2014,1
CIV,2015,1
CIV,2016,1
CIV,2017,1
CIV,2018,1
CIV,2019,1
CIV,2020,1
PRK,1989,0
PRK,1990,0
PRK,1991,1
PRK,1992,1
PRK,1993,1
PRK,1994,1
PRK,1995,1
PRK,1996,1
PRK,1997,1
PRK,1998,1
PRK,1999,1
PRK,2000,1
PRK,2001,1
PRK,2002,1
PRK,2003,1
PRK,2004,1
PRK,2005,1
PRK,2006,1
PRK,2007,1
PRK,2008,1
PRK,2009,1
PRK,2010,1
PRK,2011,1
PRK,2012,1
PRK,2013,1
PRK,2014,1
PRK,2015,1
PRK,2016,1
PRK,2017,1
PRK,2018,1
PRK,2019,1
PRK,2020,1
KOR,1989,0
KOR,1990,0
KOR,1991,1
KOR,1992,1
KOR,1993,1
KOR,1994,1
KOR,1995,1
KOR,1996,1
KOR,1997,1
KOR,1998,1
KOR,1999,1
KOR,2000,1
KOR,2001,1
KOR,2002,1
KOR,2003,1
KOR,2004,1
KOR,2005,1
KOR,2006,1
KOR,2007,1
KOR,2008,1
KOR,2009,1
KOR,2010,1
KOR,2011,1
KOR,2012,1
KOR,2013,1
KOR,2014,1
KOR,2015,1
KOR,2016,1
KOR,2017,1
KOR,2018,1
KOR,2019,1
KOR,2020,1
MRT,1989,1
MRT,1990,1
MRT,1991,1
MRT,1992,1
MRT,1993,1
MRT,1994,1
MRT,1995,1
MRT,1996,1
MRT,1997,1
MRT,1998,1
MRT,1999,1
MRT,2000,1
MRT,2001,1
MRT,2002,1
MRT,2003,1
MRT,2004,1
MRT,2005,1
MRT,2006,1
MRT,2007,1
MRT,2008,1
MRT,2009,1
MRT,2010,1
MRT,2011,1
MRT,2012,1
MRT,2013,1
MRT,2014,1
MRT,2015,1
MRT,2016,1
MRT,2017,1
MRT,2018,1
MRT,2019,1
MRT,2020,1
NLD,1989,1
NLD,1990,1
NLD,1991,1
NLD,1992,1
NLD,1993,1
NLD,1994,1
NLD,1995,1
NLD,1996,1
NLD,1997,1
NLD,1998,1
NLD,1999,1
NLD,2000,1
NLD,2001,1
NLD,2002,1
NLD,2003,1
NLD,2004,1
NLD,2005,1
NLD,2006,1
NLD,2007,1
NLD,2008,1
NLD,2009,1
NLD,2010,1
NLD,2011,1
NLD,2012,1
NLD,2013,1
NLD,2014,1
NLD,2015,1
NLD,2016,1
NLD,2017,1
NLD,2018,1
NLD,2019,1
NLD,2020,1
NOR,1989,1
NOR,1990,1
NOR,1991,1
NOR,1992,1
NOR,1993,1
NOR,1994,1
NOR,1995,1
NOR,1996,1
NOR,1997,1
NOR,1998,1
NOR,1999,1
NOR,2000,1
NOR,2001,1
NOR,2002,1
NOR,2003,1
NOR,2004,1
NOR,2005,1
NOR,2006,1
NOR,2007,1
NOR,2008,1
NOR,2009,1
NOR,2010,1
NOR,2011,1
NOR,2012,1
NOR,2013,1
NOR,2014,1
NOR,2015,1
NOR,2016,1
NOR,2017,1
NOR,2018,1
NOR,2019,1
NOR,2020,1
SEN,1989,1
SEN,1990,1
SEN,1991,1
SEN,1992,1
SEN,1993,1
SEN,1994,1
SEN,1995,1
SEN,1996,1
SEN,1997,1
SEN,1998,1
SEN,1999,1
SEN,2000,1
SEN,2001,1
SEN,2002,1
SEN,2003,1
SEN,2004,1
SEN,2005,1
SEN,2006,1
SEN,2007,1
SEN,2008,1
SEN,2009,1
SEN,2010,1
SEN,2011,1
SEN,2012,1
SEN,2013,1
SEN,2014,1
SEN,2015,1
SEN,2016,1
SEN,2017,1
SEN,2018,1
SEN,2019,1
SEN,2020,1
SWE,1989,1
SWE,1990,1
SWE,1991,1
SWE,1992,1
SWE,1993,1
SWE,1994,1
SWE,1995,1
SWE,1996,1
SWE,1997,1
SWE,1998,1
SWE,1999,1
SWE,2000,1
SWE,2001,1
SWE,2002,1
SWE,2003,1
SWE,2004,1
SWE,2005,1
SWE,2006,1
SWE,2007,1
SWE,2008,1
SWE,2009,1
SWE,2010,1
SWE,2011,1
SWE,2012,1
SWE,2013,1
SWE,2014,1
SWE,2015,1
SWE,2016,1
SWE,2017,1
SWE,2018,1
SWE,2019,1
SWE,2020,1
TGO,1989,1
TGO,1990,1
TGO,1991,1
TGO,1992,1
TGO,1993,1
TGO,1994,1
TGO,1995,1
TGO,1996,1
TGO,1997,1
TGO,1998,1
TGO,1999,1
TGO,2000,1
TGO,2001,1
TGO,2002,1
TGO,2003,1
TGO,2004,1
TGO,2005,1
TGO,2006,1
TGO,2007,1
TGO,2008,1
TGO,2009,1
TGO,2010,1
TGO,2011,1
TGO,2012,1
TGO,2013,1
TGO,2014,1
TGO,2015,1
TGO,2016,1
TGO,2017,1
TGO,2018,1
TGO,2019,1
TGO,2020,1
BWA,1989,1
BWA,1990,1
BWA,1991,1
BWA,1992,1
BWA,1993,1
BWA,1994,1
BWA,1995,1
BWA,1996,1
BWA,1997,1
BWA,1998,1
BWA,1999,1
BWA,2000,1
BWA,2001,1
BWA,2002,1
BWA,2003,1
BWA,2004,1
BWA,2005,1
BWA,2006,1
BWA,2007,1
BWA,2008,1
BWA,2009,1
BWA,2010,1
BWA,2011,1
BWA,2012,1
BWA,2013,1
BWA,2014,1
BWA,2015,1
BWA,2016,1
BWA,2017,1
BWA,2018,1
BWA,2019,1
BWA,2020,1
SWZ,1989,1
SWZ,1990,1
SWZ,1991,1
SWZ,1992,1
SWZ,1993,1
SWZ,1994,1
SWZ,1995,1
SWZ,1996,1
SWZ,1997,1
SWZ,1998,1
SWZ,1999,1
SWZ,2000,1
SWZ,2001,1
SWZ,2002,1
SWZ,2003,1
SWZ,2004,1
SWZ,2005,1
SWZ,2006,1
SWZ,2007,1
SWZ,2008,1
SWZ,2009,1
SWZ,2010,1
SWZ,2011,1
SWZ,2012,1
SWZ,2013,1
SWZ,2014,1
SWZ,2015,1
SWZ,2016,1
SWZ,2017,1
SWZ,2018,1
SWZ,2019,1
SWZ,2020,1
CMR,1989,1
CMR,1990,1
CMR,1991,1
CMR,1992,1
CMR,1993,1
CMR,1994,1
CMR,1995,1
CMR,1996,1
CMR,1997,1
CMR,1998,1
CMR,1999,1
CMR,2000,1
CMR,2001,1
CMR,2002,1
CMR,2003,1
CMR,2004,1
CMR,2005,1
CMR,2006,1
CMR,2007,1
CMR,2008,1
CMR,2009,1
CMR,2010,1
CMR,2011,1
CMR,2012,1
CMR,2013,1
CMR,2014,1
CMR,2015,1
CMR,2016,1
CMR,2017,1
CMR,2018,1
CMR,2019,1
CMR,2020,1
GIN,1989,1
GIN,1990,1
GIN,1991,1
GIN,1992,1
GIN,1993,1
GIN,1994,1
GIN,1995,1
GIN,1996,1
GIN,1997,1
GIN,1998,1
GIN,1999,1
GIN,2000,1
GIN,2001,1
GIN,2002,1
GIN,2003,1
GIN,2004,1
GIN,2005,1
GIN,2006,1
GIN,2007,1
GIN,2008,1
GIN,2009,1
GIN,2010,1
GIN,2011,1
GIN,2012,1
GIN,2013,1
GIN,2014,1
GIN,2015,1
GIN,2016,1
GIN,2017,1
GIN,2018,1
GIN,2019,1
GIN,2020,1
STP,1989,1
STP,1990,1
STP,1991,1
STP,1992,1
STP,1993,1
STP,1994,1
STP,1995,1
STP,1996,1
STP,1997,1
STP,1998,1
STP,1999,1
STP,2000,1
STP,2001,1
STP,2002,1
STP,2003,1
STP,2004,1
STP,2005,1
STP,2006,1
STP,2007,1
STP,2008,1
STP,2009,1
STP,2010,1
STP,2011,1
STP,2012,1
STP,2013,1
STP,2014,1
STP,2015,1
STP,2016,1
STP,2017,1
STP,2018,1
STP,2019,1
STP,2020,1
BEN,1989,1
BEN,1990,1
BEN,1991,1
BEN,1992,1
BEN,1993,1
BEN,1994,1
BEN,1995,1
BEN,1996,1
BEN,1997,1
BEN,1998,1
BEN,1999,1
BEN,2000,1
BEN,2001,1
BEN,2002,1
BEN,2003,1
BEN,2004,1
BEN,2005,1
BEN,2006,1
BEN,2007,1
BEN,2008,1
BEN,2009,1
BEN,2010,1
BEN,2011,1
BEN,2012,1
BEN,2013,1
BEN,2014,1
BEN,2015,1
BEN,2016,1
BEN,2017,1
BEN,2018,1
BEN,2019,1
BEN,2020,1
GNQ,1989,1
GNQ,1990,1
GNQ,1991,1
GNQ,1992,1
GNQ,1993,1
GNQ,1994,1
GNQ,1995,1
GNQ,1996,1
GNQ,1997,1
GNQ,1998,1
GNQ,1999,1
GNQ,2000,1
GNQ,2001,1
GNQ,2002,1
GNQ,2003,1
GNQ,2004,1
GNQ,2005,1
GNQ,2006,1
GNQ,2007,1
GNQ,2008,1
GNQ,2009,1
GNQ,2010,1
GNQ,2011,1
GNQ,2012,1
GNQ,2013,1
GNQ,2014,1
GNQ,2015,1
GNQ,2016,1
GNQ,2017,1
GNQ,2018,1
GNQ,2019,1
GNQ,2020,1
GAB,1989,1
GAB,1990,1
GAB,1991,1
GAB,1992,1
GAB,1993,1
GAB,1994,1
GAB,1995,1
GAB,1996,1
GAB,1997,1
GAB,1998,1
GAB,1999,1
GAB,2000,1
GAB,2001,1
GAB,2002,1
GAB,2003,1
GAB,2004,1
GAB,2005,1
GAB,2006,1
GAB,2007,1
GAB,2008,1
GAB,2009,1
GAB,2010,1
GAB,2011,1
GAB,2012,1
GAB,2013,1
GAB,2014,1
GAB,2015,1
GAB,2016,1
GAB,2017,1
GAB,2018,1
GAB,2019,1
GAB,2020,1
LBR,1989,1
LBR,1990,1
LBR,1991,1
LBR,1992,1
LBR,1993,1
LBR,1994,1
LBR,1995,1
LBR,1996,1
LBR,1997,1
LBR,1998,1
LBR,1999,1
LBR,2000,1
LBR,2001,1
LBR,2002,1
LBR,2003,1
LBR,2004,1
LBR,2005,1
LBR,2006,1
LBR,2007,1
LBR,2008,1
LBR,2009,1
LBR,2010,1
LBR,2011,1
LBR,2012,1
LBR,2013,1
LBR,2014,1
LBR,2015,1
LBR,2016,1
LBR,2017,1
LBR,2018,1
LBR,2019,1
LBR,2020,1
NER,1989,1
NER,1990,1
NER,1991,1
NER,1992,1
NER,1993,1
NER,1994,1
NER,1995,1
NER,1996,1
NER,1997,1
NER,1998,1
NER,1999,1
NER,2000,1
NER,2001,1
NER,2002,1
NER,2003,1
NER,2004,1
NER,2005,1
NER,2006,1
NER,2007,1
NER,2008,1
NER,2009,1
NER,2010,1
NER,2011,1
NER,2012,1
NER,2013,1
NER,2014,1
NER,2015,1
NER,2016,1
NER,2017,1
NER,2018,1
NER,2019,1
NER,2020,1
AUT,1989,1
AUT,1990,1
AUT,1991,1
AUT,1992,1
AUT,1993,1
AUT,1994,1
AUT,1995,1
AUT,1996,1
AUT,1997,1
AUT,1998,1
AUT,1999,1
AUT,2000,1
AUT,2001,1
AUT,2002,1
AUT,2003,1
AUT,2004,1
AUT,2005,1
AUT,2006,1
AUT,2007,1
AUT,2008,1
AUT,2009,1
AUT,2010,1
AUT,2011,1
AUT,2012,1
AUT,2013,1
AUT,2014,1
AUT,2015,1
AUT,2016,1
AUT,2017,1
AUT,2018,1
AUT,2019,1
AUT,2020,1
CYP,1989,1
CYP,1990,1
CYP,1991,1
CYP,1992,1
CYP,1993,1
CYP,1994,1
CYP,1995,1
CYP,1996,1
CYP,1997,1
CYP,1998,1
CYP,1999,1
CYP,2000,1
CYP,2001,1
CYP,2002,1
CYP,2003,1
CYP,2004,1
CYP,2005,1
CYP,2006,1
CYP,2007,1
CYP,2008,1
CYP,2009,1
CYP,2010,1
CYP,2011,1
CYP,2012,1
CYP,2013,1
CYP,2014,1
CYP,2015,1
CYP,2016,1
CYP,2017,1
CYP,2018,1
CYP,2019,1
CYP,2020,1
SVN,1989,0
SVN,1990,0
SVN,1991,0
SVN,1992,1
SVN,1993,1
SVN,1994,1
SVN,1995,1
SVN,1996,1
SVN,1997,1
SVN,1998,1
SVN,1999,1
SVN,2000,1
SVN,2001,1
SVN,2002,1
SVN,2003,1
SVN,2004,1
SVN,2005,1
SVN,2006,1
SVN,2007,1
SVN,2008,1
SVN,2009,1
SVN,2010,1
SVN,2011,1
SVN,2012,1
SVN,2013,1
SVN,2014,1
SVN,2015,1
SVN,2016,1
SVN,2017,1
SVN,2018,1
SVN,2019,1
SVN,2020,1
TUR,1989,1
TUR,1990,1
TUR,1991,1
TUR,1992,1
TUR,1993,1
TUR,1994,1
TUR,1995,1
TUR,1996,1
TUR,1997,1
TUR,1998,1
TUR,1999,1
TUR,2000,1
TUR,2001,1
TUR,2002,1
TUR,2003,1
TUR,2004,1
TUR,2005,1
TUR,2006,1
TUR,2007,1
TUR,2008,1
TUR,2009,1
TUR,2010,1
TUR,2011,1
TUR,2012,1
TUR,2013,1
TUR,2014,1
TUR,2015,1
TUR,2016,1
TUR,2017,1
TUR,2018,1
TUR,2019,1
TUR,2020,1
LBN,1989,1
LBN,1990,1
LBN,1991,1
LBN,1992,1
LBN,1993,1
LBN,1994,1
LBN,1995,1
LBN,1996,1
LBN,1997,1
LBN,1998,1
LBN,1999,1
LBN,2000,1
LBN,2001,1
LBN,2002,1
LBN,2003,1
LBN,2004,1
LBN,2005,1
LBN,2006,1
LBN,2007,1
LBN,2008,1
LBN,2009,1
LBN,2010,1
LBN,2011,1
LBN,2012,1
LBN,2013,1
LBN,2014,1
LBN,2015,1
LBN,2016,1
LBN,2017,1
LBN,2018,1
LBN,2019,1
LBN,2020,1
ISR,1989,1
ISR,1990,1
ISR,1991,1
ISR,1992,1
ISR,1993,1
ISR,1994,1
ISR,1995,1
ISR,1996,1
ISR,1997,1
ISR,1998,1
ISR,1999,1
ISR,2000,1
ISR,2001,1
ISR,2002,1
ISR,2003,1
ISR,2004,1
ISR,2005,1
ISR,2006,1
ISR,2007,1
ISR,2008,1
ISR,2009,1
ISR,2010,1
ISR,2011,1
ISR,2012,1
ISR,2013,1
ISR,2014,1
ISR,2015,1
ISR,2016,1
ISR,2017,1
ISR,2018,1
ISR,2019,1
ISR,2020,1
MAR,1989,1
MAR,1990,1
MAR,1991,1
MAR,1992,1
MAR,1993,1
MAR,1994,1
MAR,1995,1
MAR,1996,1
MAR,1997,1
MAR,1998,1
MAR,1999,1
MAR,2000,1
MAR,2001,1
MAR,2002,1
MAR,2003,1
MAR,2004,1
MAR,2005,1
MAR,2006,1
MAR,2007,1
MAR,2008,1
MAR,2009,1
MAR,2010,1
MAR,2011,1
MAR,2012,1
MAR,2013,1
MAR,2014,1
MAR,2015,1
MAR,2016,1
MAR,2017,1
MAR,2018,1
MAR,2019,1
MAR,2020,1
SYR,1989,1
SYR,1990,1
SYR,1991,1
SYR,1992,1
SYR,1993,1
SYR,1994,1
SYR,1995,1
SYR,1996,1
SYR,1997,1
SYR,1998,1
SYR,1999,1
SYR,2000,1
SYR,2001,1
SYR,2002,1
SYR,2003,1
SYR,2004,1
SYR,2005,1
SYR,2006,1
SYR,2007,1
SYR,2008,1
SYR,2009,1
SYR,2010,1
SYR,2011,1
SYR,2012,1
SYR,2013,1
SYR,2014,1
SYR,2015,1
SYR,2016,1
SYR,2017,1
SYR,2018,1
SYR,2019,1
SYR,2020,1
TUN,1989,1
TUN,1990,1
TUN,1991,1
TUN,1992,1
TUN,1993,1
TUN,1994,1
TUN,1995,1
TUN,1996,1
TUN,1997,1
TUN,1998,1
TUN,1999,1
TUN,2000,1
TUN,2001,1
TUN,2002,1
TUN,2003,1
TUN,2004,1
TUN,2005,1
TUN,2006,1
TUN,2007,1
TUN,2008,1
TUN,2009,1
TUN,2010,1
TUN,2011,1
TUN,2012,1
TUN,2013,1
TUN,2014,1
TUN,2015,1
TUN,2016,1
TUN,2017,1
TUN,2018,1
TUN,2019,1
TUN,2020,1
BFA,1989,1
BFA,1990,1
BFA,1991,1
BFA,1992,1
BFA,1993,1
BFA,1994,1
BFA,1995,1
BFA,1996,1
BFA,1997,1
BFA,1998,1
BFA,1999,1
BFA,2000,1
BFA,2001,1
BFA,2002,1
BFA,2003,1
BFA,2004,1
BFA,2005,1
BFA,2006,1
BFA,2007,1
BFA,2008,1
BFA,2009,1
BFA,2010,1
BFA,2011,1
BFA,2012,1
BFA,2013,1
BFA,2014,1
BFA,2015,1
BFA,2016,1
BFA,2017,1
BFA,2018,1
BFA,2019,1
BFA,2020,1
PSE,1989,1
PSE,1990,1
PSE,1991,1
PSE,1992,1
PSE,1993,1
PSE,1994,1
PSE,1995,1
PSE,1996,1
PSE,1997,1
PSE,1998,1
PSE,1999,1
PSE,2000,1
PSE,2001,1
PSE,2002,1
PSE,2003,1
PSE,2004,1
PSE,2005,1
PSE,2006,1
PSE,2007,1
PSE,2008,1
PSE,2009,1
PSE,2010,1
PSE,2011,1
PSE,2012,1
PSE,2013,1
PSE,2014,1
PSE,2015,1
PSE,2016,1
PSE,2017,1
PSE,2018,1
PSE,2019,1
PSE,2020,1
IRQ,1989,1
IRQ,1990,1
IRQ,1991,1
IRQ,1992,1
IRQ,1993,1
IRQ,1994,1
IRQ,1995,1
IRQ,1996,1
IRQ,1997,1
IRQ,1998,1
IRQ,1999,1
IRQ,2000,1
IRQ,2001,1
IRQ,2002,1
IRQ,2003,1
IRQ,2004,1
IRQ,2005,1
IRQ,2006,1
IRQ,2007,1
IRQ,2008,1
IRQ,2009,1
IRQ,2010,1
IRQ,2011,1
IRQ,2012,1
IRQ,2013,1
IRQ,2014,1
IRQ,2015,1
IRQ,2016,1
IRQ,2017,1
IRQ,2018,1
IRQ,2019,1
IRQ,2020,1
JOR,1989,1
JOR,1990,1
JOR,1991,1
JOR,1992,1
JOR,1993,1
JOR,1994,1
JOR,1995,1
JOR,1996,1
JOR,1997,1
JOR,1998,1
JOR,1999,1
JOR,2000,1
JOR,2001,1
JOR,2002,1
JOR,2003,1
JOR,2004,1
JOR,2005,1
JOR,2006,1
JOR,2007,1
JOR,2008,1
JOR,2009,1
JOR,2010,1
JOR,2011,1
JOR,2012,1
JOR,2013,1
JOR,2014,1
JOR,2015,1
JOR,2016,1
JOR,2017,1
JOR,2018,1
JOR,2019,1
JOR,2020,1
KWT,1989,1
KWT,1990,1
KWT,1991,1
KWT,1992,1
KWT,1993,1
KWT,1994,1
KWT,1995,1
KWT,1996,1
KWT,1997,1
KWT,1998,1
KWT,1999,1
KWT,2000,1
KWT,2001,1
KWT,2002,1
KWT,2003,1
KWT,2004,1
KWT,2005,1
KWT,2006,1
KWT,2007,1
KWT,2008,1
KWT,2009,1
KWT,2010,1
KWT,2011,1
KWT,2012,1
KWT,2013,1
KWT,2014,1
KWT,2015,1
KWT,2016,1
KWT,2017,1
KWT,2018,1
KWT,2019,1
KWT,2020,1
SAU,1989,1
SAU,1990,1
SAU,1991,1
SAU,1992,1
SAU,1993,1
SAU,1994,1
SAU,1995,1
SAU,1996,1
SAU,1997,1
SAU,1998,1
SAU,1999,1
SAU,2000,1
SAU,2001,1
SAU,2002,1
SAU,2003,1
SAU,2004,1
SAU,2005,1
SAU,2006,1
SAU,2007,1
SAU,2008,1
SAU,2009,1
SAU,2010,1
SAU,2011,1
SAU,2012,1
SAU,2013,1
SAU,2014,1
SAU,2015,1
SAU,2016,1
SAU,2017,1
SAU,2018,1
SAU,2019,1
SAU,2020,1
ESH,1989,0
ESH,1990,0
ESH,1991,0
ESH,1992,0
ESH,1993,0
ESH,1994,0
ESH,1995,0
ESH,1996,1
ESH,1997,1
ESH,1998,1
ESH,1999,1
ESH,2000,0
ESH,2001,0
ESH,2002,0
ESH,2003,0
ESH,2004,0
ESH,2005,0
ESH,2006,0
ESH,2007,0
ESH,2008,0
ESH,2009,1
ESH,2010,1
ESH,2011,1
ESH,2012,1
ESH,2013,1
ESH,2014,1
ESH,2015,1
ESH,2016,1
ESH,2017,0
ESH,2018,0
ESH,2019,0
ESH,2020,0
AFG,1989,1
AFG,1990,1
AFG,1991,1
AFG,1992,1
AFG,1993,1
AFG,1994,1
AFG,1995,1
AFG,1996,1
AFG,1997,1
AFG,1998,1
AFG,1999,1
AFG,2000,1
AFG,2001,1
AFG,2002,1
AFG,2003,1
AFG,2004,1
AFG,2005,1
AFG,2006,1
AFG,2007,1
AFG,2008,1
AFG,2009,1
AFG,2010,1
AFG,2011,1
AFG,2012,1
AFG,2013,1
AFG,2014,1
AFG,2015,1
AFG,2016,1
AFG,2017,1
AFG,2018,1
AFG,2019,1
AFG,2020,1
ALB,1989,1
ALB,1990,1
ALB,1991,1
ALB,1992,1
ALB,1993,1
ALB,1994,1
ALB,1995,1
ALB,1996,1
ALB,1997,1
ALB,1998,1
ALB,1999,1
ALB,2000,1
ALB,2001,1
ALB,2002,1
ALB,2003,1
ALB,2004,1
ALB,2005,1
ALB,2006,1
ALB,2007,1
ALB,2008,1
ALB,2009,1
ALB,2010,1
ALB,2011,1
ALB,2012,1
ALB,2013,1
ALB,2014,1
ALB,2015,1
ALB,2016,1
ALB,2017,1
ALB,2018,1
ALB,2019,1
ALB,2020,1
ATG,1989,1
ATG,1990,1
ATG,1991,1
ATG,1992,1
ATG,1993,1
ATG,1994,1
ATG,1995,1
ATG,1996,1
ATG,1997,1
ATG,1998,1
ATG,1999,1
ATG,2000,1
ATG,2001,1
ATG,2002,1
ATG,2003,1
ATG,2004,1
ATG,2005,1
ATG,2006,1
ATG,2007,1
ATG,2008,1
ATG,2009,1
ATG,2010,1
ATG,2011,1
ATG,2012,1
ATG,2013,1
ATG,2014,1
ATG,2015,1
ATG,2016,1
ATG,2017,1
ATG,2018,1
ATG,2019,1
ATG,2020,1
AZE,1989,1
AZE,1990,1
AZE,1991,1
AZE,1992,1
AZE,1993,1
AZE,1994,1
AZE,1995,1
AZE,1996,1
AZE,1997,1
AZE,1998,1
AZE,1999,1
AZE,2000,1
AZE,2001,1
AZE,2002,1
AZE,2003,1
AZE,2004,1
AZE,2005,1
AZE,2006,1
AZE,2007,1
AZE,2008,1
AZE,2009,1
AZE,2010,1
AZE,2011,1
AZE,2012,1
AZE,2013,1
AZE,2014,1
AZE,2015,1
AZE,2016,1
AZE,2017,1
AZE,2018,1
AZE,2019,1
AZE,2020,1
ARG,1989,1
ARG,1990,1
ARG,1991,1
ARG,1992,1
ARG,1993,1
ARG,1994,1
ARG,1995,1
ARG,1996,1
ARG,1997,1
ARG,1998,1
ARG,1999,1
ARG,2000,1
ARG,2001,1
ARG,2002,1
ARG,2003,1
ARG,2004,1
ARG,2005,1
ARG,2006,1
ARG,2007,1
ARG,2008,1
ARG,2009,1
ARG,2010,1
ARG,2011,1
ARG,2012,1
ARG,2013,1
ARG,2014,1
ARG,2015,1
ARG,2016,1
ARG,2017,1
ARG,2018,1
ARG,2019,1
ARG,2020,1
BHS,1989,1
BHS,1990,1
BHS,1991,1
BHS,1992,1
BHS,1993,1
BHS,1994,1
BHS,1995,1
BHS,1996,1
BHS,1997,1
BHS,1998,1
BHS,1999,1
BHS,2000,1
BHS,2001,1
BHS,2002,1
BHS,2003,1
BHS,2004,1
BHS,2005,1
BHS,2006,1
BHS,2007,1
BHS,2008,1
BHS,2009,1
BHS,2010,1
BHS,2011,1
BHS,2012,1
BHS,2013,1
BHS,2014,1
BHS,2015,1
BHS,2016,1
BHS,2017,1
BHS,2018,1
BHS,2019,1
BHS,2020,1
BHR,1989,1
BHR,1990,1
BHR,1991,1
BHR,1992,1
BHR,1993,1
BHR,1994,1
BHR,1995,1
BHR,1996,1
BHR,1997,1
BHR,1998,1
BHR,1999,1
BHR,2000,1
BHR,2001,1
BHR,2002,1
BHR,2003,1
BHR,2004,1
BHR,2005,1
BHR,2006,1
BHR,2007,1
BHR,2008,1
BHR,2009,1
BHR,2010,1
BHR,2011,1
BHR,2012,1
BHR,2013,1
BHR,2014,1
BHR,2015,1
BHR,2016,1
BHR,2017,1
BHR,2018,1
BHR,2019,1
BHR,2020,1
ARM,1989,0
ARM,1990,0
ARM,1991,0
ARM,1992,1
ARM,1993,1
ARM,1994,1
ARM,1995,1
ARM,1996,1
ARM,1997,1
ARM,1998,1
ARM,1999,1
ARM,2000,1
ARM,2001,1
ARM,2002,1
ARM,2003,1
ARM,2004,1
ARM,2005,1
ARM,2006,1
ARM,2007,1
ARM,2008,1
ARM,2009,1
ARM,2010,1
ARM,2011,1
ARM,2012,1
ARM,2013,1
ARM,2014,1
ARM,2015,1
ARM,2016,1
ARM,2017,1
ARM,2018,1
ARM,2019,1
ARM,2020,1
BIH,1989,0
BIH,1990,0
BIH,1991,0
BIH,1992,1
BIH,1993,1
BIH,1994,1
BIH,1995,1
BIH,1996,1
BIH,1997,1
BIH,1998,1
BIH,1999,1
BIH,2000,1
BIH,2001,1
BIH,2002,1
BIH,2003,1
BIH,2004,1
BIH,2005,1
BIH,2006,1
BIH,2007,1
BIH,2008,1
BIH,2009,1
BIH,2010,1
BIH,2011,1
BIH,2012,1
BIH,2013,1
BIH,2014,1
BIH,2015,1
BIH,2016,1
BIH,2017,1
BIH,2018,1
BIH,2019,1
BIH,2020,1
BRA,1989,1
BRA,1990,1
BRA,1991,1
BRA,1992,1
BRA,1993,1
BRA,1994,1
BRA,1995,1
BRA,1996,1
BRA,1997,1
BRA,1998,1
BRA,1999,1
BRA,2000,1
BRA,2001,1
BRA,2002,1
BRA,2003,1
BRA,2004,1
BRA,2005,1
BRA,2006,1
BRA,2007,1
BRA,2008,1
BRA,2009,1
BRA,2010,1
BRA,2011,1
BRA,2012,1
BRA,2013,1
BRA,2014,1
BRA,2015,1
BRA,2016,1
BRA,2017,1
BRA,2018,1
BRA,2019,1
BRA,2020,1
BRN,1989,1
BRN,1990,1
BRN,1991,1
BRN,1992,1
BRN,1993,1
BRN,1994,1
BRN,1995,1
BRN,1996,1
BRN,1997,1
BRN,1998,1
BRN,1999,1
BRN,2000,1
BRN,2001,1
BRN,2002,1
BRN,2003,1
BRN,2004,1
BRN,2005,1
BRN,2006,1
BRN,2007,1
BRN,2008,1
BRN,2009,1
BRN,2010,1
BRN,2011,1
BRN,2012,1
BRN,2013,1
BRN,2014,1
BRN,2015,1
BRN,2016,1
BRN,2017,1
BRN,2018,1
BRN,2019,1
BRN,2020,1
BGR,1989,1
BGR,1990,1
BGR,1991,1
BGR,1992,1
BGR,1993,1
BGR,1994,1
BGR,1995,1
BGR,1996,1
BGR,1997,1
BGR,1998,1
BGR,1999,1
BGR,2000,1
BGR,2001,1
BGR,2002,1
BGR,2003,1
BGR,2004,1
BGR,2005,1
BGR,2006,1
BGR,2007,1
BGR,2008,1
BGR,2009,1
BGR,2010,1
BGR,2011,1
BGR,2012,1
BGR,2013,1
BGR,2014,1
BGR,2015,1
BGR,2016,1
BGR,2017,1
BGR,2018,1
BGR,2019,1
BGR,2020,1
MMR,1989,1
MMR,1990,1
MMR,1991,1
MMR,1992,1
MMR,1993,1
MMR,1994,1
MMR,1995,1
MMR,1996,1
MMR,1997,1
MMR,1998,1
MMR,1999,1
MMR,2000,1
MMR,2001,1
MMR,2002,1
MMR,2003,1
MMR,2004,1
MMR,2005,1
MMR,2006,1
MMR,2007,1
MMR,2008,1
MMR,2009,1
MMR,2010,1
MMR,2011,1
MMR,2012,1
MMR,2013,1
MMR,2014,1
MMR,2015,1
MMR,2016,1
MMR,2017,1
MMR,2018,1
MMR,2019,1
MMR,2020,1
BLR,1989,0
BLR,1990,0
BLR,1991,1
BLR,1992,1
BLR,1993,1
BLR,1994,1
BLR,1995,1
BLR,1996,1
BLR,1997,1
BLR,1998,1
BLR,1999,1
BLR,2000,1
BLR,2001,1
BLR,2002,1
BLR,2003,1
BLR,2004,1
BLR,2005,1
BLR,2006,1
BLR,2007,1
BLR,2008,1
BLR,2009,1
BLR,2010,1
BLR,2011,1
BLR,2012,1
BLR,2013,1
BLR,2014,1
BLR,2015,1
BLR,2016,1
BLR,2017,1
BLR,2018,1
BLR,2019,1
BLR,2020,1
CHL,1989,1
CHL,1990,1
CHL,1991,1
CHL,1992,1
CHL,1993,1
CHL,1994,1
CHL,1995,1
CHL,1996,1
CHL,1997,1
CHL,1998,1
CHL,1999,1
CHL,2000,1
CHL,2001,1
CHL,2002,1
CHL,2003,1
CHL,2004,1
CHL,2005,1
CHL,2006,1
CHL,2007,1
CHL,2008,1
CHL,2009,1
CHL,2010,1
CHL,2011,1
CHL,2012,1
CHL,2013,1
CHL,2014,1
CHL,2015,1
CHL,2016,1
CHL,2017,1
CHL,2018,1
CHL,2019,1
CHL,2020,1
COL,1989,1
COL,1990,1
COL,1991,1
COL,1992,1
COL,1993,1
COL,1994,1
COL,1995,1
COL,1996,1
COL,1997,1
COL,1998,1
COL,1999,1
COL,2000,1
COL,2001,1
COL,2002,1
COL,2003,1
COL,2004,1
COL,2005,1
COL,2006,1
COL,2007,1
COL,2008,1
COL,2009,1
COL,2010,1
COL,2011,1
COL,2012,1
COL,2013,1
COL,2014,1
COL,2015,1
COL,2016,1
COL,2017,1
COL,2018,1
COL,2019,1
COL,2020,1
HRV,1989,0
HRV,1990,0
HRV,1991,0
HRV,1992,1
HRV,1993,1
HRV,1994,1
HRV,1995,1
HRV,1996,1
HRV,1997,1
HRV,1998,1
HRV,1999,1
HRV,2000,1
HRV,2001,1
HRV,2002,1
HRV,2003,1
HRV,2004,1
HRV,2005,1
HRV,2006,1
HRV,2007,1
HRV,2008,1
HRV,2009,1
HRV,2010,1
HRV,2011,1
HRV,2012,1
HRV,2013,1
HRV,2014,1
HRV,2015,1
HRV,2016,1
HRV,2017,1
HRV,2018,1
HRV,2019,1
HRV,2020,1
CZE,1989,0
CZE,1990,0
CZE,1991,0
CZE,1992,0
CZE,1993,1
CZE,1994,1
CZE,1995,1
CZE,1996,1
CZE,1997,1
CZE,1998,1
CZE,1999,1
CZE,2000,1
CZE,2001,1
CZE,2002,1
CZE,2003,1
CZE,2004,1
CZE,2005,1
CZE,2006,1
CZE,2007,1
CZE,2008,1
CZE,2009,1
CZE,2010,1
CZE,2011,1
CZE,2012,1
CZE,2013,1
CZE,2014,1
CZE,2015,1
CZE,2016,1
CZE,2017,1
CZE,2018,1
CZE,2019,1
CZE,2020,1
ECU,1989,1
ECU,1990,1
ECU,1991,1
ECU,1992,1
ECU,1993,1
ECU,1994,1
ECU,1995,1
ECU,1996,1
ECU,1997,1
ECU,1998,1
ECU,1999,1
ECU,2000,1
ECU,2001,1
ECU,2002,1
ECU,2003,1
ECU,2004,1
ECU,2005,1
ECU,2006,1
ECU,2007,1
ECU,2008,1
ECU,2009,1
ECU,2010,1
ECU,2011,1
ECU,2012,1
ECU,2013,1
ECU,2014,1
ECU,2015,1
ECU,2016,1
ECU,2017,1
ECU,2018,1
ECU,2019,1
ECU,2020,1
SLV,1989,1
SLV,1990,1
SLV,1991,1
SLV,1992,1
SLV,1993,1
SLV,1994,1
SLV,1995,1
SLV,1996,1
SLV,1997,1
SLV,1998,1
SLV,1999,1
SLV,2000,1
SLV,2001,1
SLV,2002,1
SLV,2003,1
SLV,2004,1
SLV,2005,1
SLV,2006,1
SLV,2007,1
SLV,2008,1
SLV,2009,1
SLV,2010,1
SLV,2011,1
SLV,2012,1
SLV,2013,1
SLV,2014,1
SLV,2015,1
SLV,2016,1
SLV,2017,1
SLV,2018,1
SLV,2019,1
SLV,2020,1
EST,1989,0
EST,1990,0
EST,1991,1
EST,1992,1
EST,1993,1
EST,1994,1
EST,1995,1
EST,1996,1
EST,1997,1
EST,1998,1
EST,1999,1
EST,2000,1
EST,2001,1
EST,2002,1
EST,2003,1
EST,2004,1
EST,2005,1
EST,2006,1
EST,2007,1
EST,2008,1
EST,2009,1
EST,2010,1
EST,2011,1
EST,2012,1
EST,2013,1
EST,2014,1
EST,2015,1
EST,2016,1
EST,2017,1
EST,2018,1
EST,2019,1
EST,2020,1
FIN,1989,1
FIN,1990,1
FIN,1991,1
FIN,1992,1
FIN,1993,1
FIN,1994,1
FIN,1995,1
FIN,1996,1
FIN,1997,1
FIN,1998,1
FIN,1999,1
FIN,2000,1
FIN,2001,1
FIN,2002,1
FIN,2003,1
FIN,2004,1
FIN,2005,1
FIN,2006,1
FIN,2007,1
FIN,2008,1
FIN,2009,1
FIN,2010,1
FIN,2011,1
FIN,2012,1
FIN,2013,1
FIN,2014,1
FIN,2015,1
FIN,2016,1
FIN,2017,1
FIN,2018,1
FIN,2019,1
FIN,2020,1
GIB,1989,0
GIB,1990,0
GIB,1991,0
GIB,1992,0
GIB,1993,0
GIB,1994,0
GIB,1995,0
GIB,1996,0
GIB,1997,0
GIB,1998,0
GIB,1999,0
GIB,2000,0
GIB,2001,0
GIB,2002,0
GIB,2003,0
GIB,2004,0
GIB,2005,0
GIB,2006,0
GIB,2007,0
GIB,2008,0
GIB,2009,0
GIB,2010,0
GIB,2011,0
GIB,2012,0
GIB,2013,0
GIB,2014,0
GIB,2015,0
GIB,2016,0
GIB,2017,0
GIB,2018,0
GIB,2019,0
GIB,2020,0
GTM,1989,1
GTM,1990,1
GTM,1991,1
GTM,1992,1
GTM,1993,1
GTM,1994,1
GTM,1995,1
GTM,1996,1
GTM,1997,1
GTM,1998,1
GTM,1999,1
GTM,2000,1
GTM,2001,1
GTM,2002,1
GTM,2003,1
GTM,2004,1
GTM,2005,1
GTM,2006,1
GTM,2007,1
GTM,2008,1
GTM,2009,1
GTM,2010,1
GTM,2011,1
GTM,2012,1
GTM,2013,1
GTM,2014,1
GTM,2015,1
GTM,2016,1
GTM,2017,1
GTM,2018,1
GTM,2019,1
GTM,2020,1
IRN,1989,1
IRN,1990,1
IRN,1991,1
IRN,1992,1
IRN,1993,1
IRN,1994,1
IRN,1995,1
IRN,1996,1
IRN,1997,1
IRN,1998,1
IRN,1999,1
IRN,2000,1
IRN,2001,1
IRN,2002,1
IRN,2003,1
IRN,2004,1
IRN,2005,1
IRN,2006,1
IRN,2007,1
IRN,2008,1
IRN,2009,1
IRN,2010,1
IRN,2011,1
IRN,2012,1
IRN,2013,1
IRN,2014,1
IRN,2015,1
IRN,2016,1
IRN,2017,1
IRN,2018,1
IRN,2019,1
IRN,2020,1
KAZ,1989,0
KAZ,1990,0
KAZ,1991,0
KAZ,1992,1
KAZ,1993,1
KAZ,1994,1
KAZ,1995,1
KAZ,1996,1
KAZ,1997,1
KAZ,1998,1
KAZ,1999,1
KAZ,2000,1
KAZ,2001,1
KAZ,2002,1
KAZ,2003,1
KAZ,2004,1
KAZ,2005,1
KAZ,2006,1
KAZ,2007,1
KAZ,2008,1
KAZ,2009,1
KAZ,2010,1
KAZ,2011,1
KAZ,2012,1
KAZ,2013,1
KAZ,2014,1
KAZ,2015,1
KAZ,2016,1
KAZ,2017,1
KAZ,2018,1
KAZ,2019,1
KAZ,2020,1
KGZ,1989,0
KGZ,1990,0
KGZ,1991,0
KGZ,1992,1
KGZ,1993,1
KGZ,1994,1
KGZ,1995,1
KGZ,1996,1
KGZ,1997,1
KGZ,1998,1
KGZ,1999,1
KGZ,2000,1
KGZ,2001,1
KGZ,2002,1
KGZ,2003,1
KGZ,2004,1
KGZ,2005,1
KGZ,2006,1
KGZ,2007,1
KGZ,2008,1
KGZ,2009,1
KGZ,2010,1
KGZ,2011,1
KGZ,2012,1
KGZ,2013,1
KGZ,2014,1
KGZ,2015,1
KGZ,2016,1
KGZ,2017,1
KGZ,2018,1
KGZ,2019,1
KGZ,2020,1
MEX,1989,1
MEX,1990,1
MEX,1991,1
MEX,1992,1
MEX,1993,1
MEX,1994,1
MEX,1995,1
MEX,1996,1
MEX,1997,1
MEX,1998,1
MEX,1999,1
MEX,2000,1
MEX,2001,1
MEX,2002,1
MEX,2003,1
MEX,2004,1
MEX,2005,1
MEX,2006,1
MEX,2007,1
MEX,2008,1
MEX,2009,1
MEX,2010,1
MEX,2011,1
MEX,2012,1
MEX,2013,1
MEX,2014,1
MEX,2015,1
MEX,2016,1
MEX,2017,1
MEX,2018,1
MEX,2019,1
MEX,2020,1
MCO,1989,0
MCO,1990,0
MCO,1991,0
MCO,1992,0
MCO,1993,1
MCO,1994,1
MCO,1995,1
MCO,1996,1
MCO,1997,1
MCO,1998,1
MCO,1999,1
MCO,2000,1
MCO,2001,1
MCO,2002,1
MCO,2003,1
MCO,2004,1
MCO,2005,1
MCO,2006,1
MCO,2007,1
MCO,2008,1
MCO,2009,1
MCO,2010,1
MCO,2011,1
MCO,2012,1
MCO,2013,1
MCO,2014,1
MCO,2015,1
MCO,2016,1
MCO,2017,1
MCO,2018,1
MCO,2019,1
MCO,2020,1
MNG,1989,1
MNG,1990,1
MNG,1991,1
MNG,1992,1
MNG,1993,1
MNG,1994,1
MNG,1995,1
MNG,1996,1
MNG,1997,1
MNG,1998,1
MNG,1999,1
MNG,2000,1
MNG,2001,1
MNG,2002,1
MNG,2003,1
MNG,2004,1
MNG,2005,1
MNG,2006,1
MNG,2007,1
MNG,2008,1
MNG,2009,1
MNG,2010,1
MNG,2011,1
MNG,2012,1
MNG,2013,1
MNG,2014,1
MNG,2015,1
MNG,2016,1
MNG,2017,1
MNG,2018,1
MNG,2019,1
MNG,2020,1
MDA,1989,0
MDA,1990,0
MDA,1991,0
MDA,1992,1
MDA,1993,1
MDA,1994,1
MDA,1995,1
MDA,1996,1
MDA,1997,1
MDA,1998,1
MDA,1999,1
MDA,2000,1
MDA,2001,1
MDA,2002,1
MDA,2003,1
MDA,2004,1
MDA,2005,1
MDA,2006,1
MDA,2007,1
MDA,2008,1
MDA,2009,1
MDA,2010,1
MDA,2011,1
MDA,2012,1
MDA,2013,1
MDA,2014,1
MDA,2015,1
MDA,2016,1
MDA,2017,1
MDA,2018,1
MDA,2019,1
MDA,2020,1
OMN,1989,1
OMN,1990,1
OMN,1991,1
OMN,1992,1
OMN,1993,1
OMN,1994,1
OMN,1995,1
OMN,1996,1
OMN,1997,1
OMN,1998,1
OMN,1999,1
OMN,2000,1
OMN,2001,1
OMN,2002,1
OMN,2003,1
OMN,2004,1
OMN,2005,1
OMN,2006,1
OMN,2007,1
OMN,2008,1
OMN,2009,1
OMN,2010,1
OMN,2011,1
OMN,2012,1
OMN,2013,1
OMN,2014,1
OMN,2015,1
OMN,2016,1
OMN,2017,1
OMN,2018,1
OMN,2019,1
OMN,2020,1
NZL,1989,1
NZL,1990,1
NZL,1991,1
NZL,1992,1
NZL,1993,1
NZL,1994,1
NZL,1995,1
NZL,1996,1
NZL,1997,1
NZL,1998,1
NZL,1999,1
NZL,2000,1
NZL,2001,1
NZL,2002,1
NZL,2003,1
NZL,2004,1
NZL,2005,1
NZL,2006,1
NZL,2007,1
NZL,2008,1
NZL,2009,1
NZL,2010,1
NZL,2011,1
NZL,2012,1
NZL,2013,1
NZL,2014,1
NZL,2015,1
NZL,2016,1
NZL,2017,1
NZL,2018,1
NZL,2019,1
NZL,2020,1
POL,1989,1
POL,1990,1
POL,1991,1
POL,1992,1
POL,1993,1
POL,1994,1
POL,1995,1
POL,1996,1
POL,1997,1
POL,1998,1
POL,1999,1
POL,2000,1
POL,2001,1
POL,2002,1
POL,2003,1
POL,2004,1
POL,2005,1
POL,2006,1
POL,2007,1
POL,2008,1
POL,2009,1
POL,2010,1
POL,2011,1
POL,2012,1
POL,2013,1
POL,2014,1
POL,2015,1
POL,2016,1
POL,2017,1
POL,2018,1
POL,2019,1
POL,2020,1
GNB,1989,1
GNB,1990,1
GNB,1991,1
GNB,1992,1
GNB,1993,1
GNB,1994,1
GNB,1995,1
GNB,1996,1
GNB,1997,1
GNB,1998,1
GNB,1999,1
GNB,2000,1
GNB,2001,1
GNB,2002,1
GNB,2003,1
GNB,2004,1
GNB,2005,1
GNB,2006,1
GNB,2007,1
GNB,2008,1
GNB,2009,1
GNB,2010,1
GNB,2011,1
GNB,2012,1
GNB,2013,1
GNB,2014,1
GNB,2015,1
GNB,2016,1
GNB,2017,1
GNB,2018,1
GNB,2019,1
GNB,2020,1
QAT,1989,1
QAT,1990,1
QAT,1991,1
QAT,1992,1
QAT,1993,1
QAT,1994,1
QAT,1995,1
QAT,1996,1
QAT,1997,1
QAT,1998,1
QAT,1999,1
QAT,2000,1
QAT,2001,1
QAT,2002,1
QAT,2003,1
QAT,2004,1
QAT,2005,1
QAT,2006,1
QAT,2007,1
QAT,2008,1
QAT,2009,1
QAT,2010,1
QAT,2011,1
QAT,2012,1
QAT,2013,1
QAT,2014,1
QAT,2015,1
QAT,2016,1
QAT,2017,1
QAT,2018,1
QAT,2019,1
QAT,2020,1
ROU,1989,0
ROU,1990,0
ROU,1991,0
ROU,1992,0
ROU,1993,0
ROU,1994,0
ROU,1995,0
ROU,1996,0
ROU,1997,0
ROU,1998,0
ROU,1999,0
ROU,2000,0
ROU,2001,0
ROU,2002,1
ROU,2003,1
ROU,2004,1
ROU,2005,1
ROU,2006,1
ROU,2007,1
ROU,2008,1
ROU,2009,1
ROU,2010,1
ROU,2011,1
ROU,2012,1
ROU,2013,1
ROU,2014,1
ROU,2015,1
ROU,2016,1
ROU,2017,1
ROU,2018,1
ROU,2019,1
ROU,2020,1
SLE,1989,1
SLE,1990,1
SLE,1991,1
SLE,1992,1
SLE,1993,1
SLE,1994,1
SLE,1995,1
SLE,1996,1
SLE,1997,1
SLE,1998,1
SLE,1999,1
SLE,2000,1
SLE,2001,1
SLE,2002,1
SLE,2003,1
SLE,2004,1
SLE,2005,1
SLE,2006,1
SLE,2007,1
SLE,2008,1
SLE,2009,1
SLE,2010,1
SLE,2011,1
SLE,2012,1
SLE,2013,1
SLE,2014,1
SLE,2015,1
SLE,2016,1
SLE,2017,1
SLE,2018,1
SLE,2019,1
SLE,2020,1
SGP,1989,1
SGP,1990,1
SGP,1991,1
SGP,1992,1
SGP,1993,1
SGP,1994,1
SGP,1995,1
SGP,1996,1
SGP,1997,1
SGP,1998,1
SGP,1999,1
SGP,2000,1
SGP,2001,1
SGP,2002,1
SGP,2003,1
SGP,2004,1
SGP,2005,1
SGP,2006,1
SGP,2007,1
SGP,2008,1
SGP,2009,1
SGP,2010,1
SGP,2011,1
SGP,2012,1
SGP,2013,1
SGP,2014,1
SGP,2015,1
SGP,2016,1
SGP,2017,1
SGP,2018,1
SGP,2019,1
SGP,2020,1
SVK,1989,0
SVK,1990,0
SVK,1991,0
SVK,1992,0
SVK,1993,1
SVK,1994,1
SVK,1995,1
SVK,1996,1
SVK,1997,1
SVK,1998,1
SVK,1999,1
SVK,2000,1
SVK,2001,1
SVK,2002,1
SVK,2003,1
SVK,2004,1
SVK,2005,1
SVK,2006,1
SVK,2007,1
SVK,2008,1
SVK,2009,1
SVK,2010,1
SVK,2011,1
SVK,2012,1
SVK,2013,1
SVK,2014,1
SVK,2015,1
SVK,2016,1
SVK,2017,1
SVK,2018,1
SVK,2019,1
SVK,2020,1
TJK,1989,0
TJK,1990,0
TJK,1991,0
TJK,1992,1
TJK,1993,1
TJK,1994,1
TJK,1995,1
TJK,1996,1
TJK,1997,1
TJK,1998,1
TJK,1999,1
TJK,2000,1
TJK,2001,1
TJK,2002,1
TJK,2003,1
TJK,2004,1
TJK,2005,1
TJK,2006,1
TJK,2007,1
TJK,2008,1
TJK,2009,1
TJK,2010,1
TJK,2011,1
TJK,2012,1
TJK,2013,1
TJK,2014,1
TJK,2015,1
TJK,2016,1
TJK,2017,1
TJK,2018,1
TJK,2019,1
TJK,2020,1
ARE,1989,1
ARE,1990,1
ARE,1991,1
ARE,1992,1
ARE,1993,1
ARE,1994,1
ARE,1995,1
ARE,1996,1
ARE,1997,1
ARE,1998,1
ARE,1999,1
ARE,2000,1
ARE,2001,1
ARE,2002,1
ARE,2003,1
ARE,2004,1
ARE,2005,1
ARE,2006,1
ARE,2007,1
ARE,2008,1
ARE,2009,1
ARE,2010,1
ARE,2011,1
ARE,2012,1
ARE,2013,1
ARE,2014,1
ARE,2015,1
ARE,2016,1
ARE,2017,1
ARE,2018,1
ARE,2019,1
ARE,2020,1
TKM,1989,0
TKM,1990,0
TKM,1991,0
TKM,1992,1
TKM,1993,1
TKM,1994,1
TKM,1995,1
TKM,1996,1
TKM,1997,1
TKM,1998,1
TKM,1999,1
TKM,2000,1
TKM,2001,1
TKM,2002,1
TKM,2003,1
TKM,2004,1
TKM,2005,1
TKM,2006,1
TKM,2007,1
TKM,2008,1
TKM,2009,1
TKM,2010,1
TKM,2011,1
TKM,2012,1
TKM,2013,1
TKM,2014,1
TKM,2015,1
TKM,2016,1
TKM,2017,1
TKM,2018,1
TKM,2019,1
TKM,2020,1
UKR,1989,1
UKR,1990,1
UKR,1991,1
UKR,1992,1
UKR,1993,1
UKR,1994,1
UKR,1995,1
UKR,1996,1
UKR,1997,1
UKR,1998,1
UKR,1999,1
UKR,2000,1
UKR,2001,1
UKR,2002,1
UKR,2003,1
UKR,2004,1
UKR,2005,1
UKR,2006,1
UKR,2007,1
UKR,2008,1
UKR,2009,1
UKR,2010,1
UKR,2011,1
UKR,2012,1
UKR,2013,1
UKR,2014,1
UKR,2015,1
UKR,2016,1
UKR,2017,1
UKR,2018,1
UKR,2019,1
UKR,2020,1
MKD,1989,0
MKD,1990,0
MKD,1991,0
MKD,1992,0
MKD,1993,1
MKD,1994,1
MKD,1995,1
MKD,1996,1
MKD,1997,1
MKD,1998,1
MKD,1999,1
MKD,2000,1
MKD,2001,1
MKD,2002,1
MKD,2003,1
MKD,2004,1
MKD,2005,1
MKD,2006,1
MKD,2007,1
MKD,2008,1
MKD,2009,1
MKD,2010,1
MKD,2011,1
MKD,2012,1
MKD,2013,1
MKD,2014,1
MKD,2015,1
MKD,2016,1
MKD,2017,1
MKD,2018,1
MKD,2019,1
MKD,2020,1
UZB,1989,0
UZB,1990,0
UZB,1991,0
UZB,1992,1
UZB,1993,1
UZB,1994,1
UZB,1995,1
UZB,1996,1
UZB,1997,1
UZB,1998,1
UZB,1999,1
UZB,2000,1
UZB,2001,1
UZB,2002,1
UZB,2003,1
UZB,2004,1
UZB,2005,1
UZB,2006,1
UZB,2007,1
UZB,2008,1
UZB,2009,1
UZB,2010,1
UZB,2011,1
UZB,2012,1
UZB,2013,1
UZB,2014,1
UZB,2015,1
UZB,2016,1
UZB,2017,1
UZB,2018,1
UZB,2019,1
UZB,2020,1
VEN,1989,1
VEN,1990,1
VEN,1991,1
VEN,1992,1
VEN,1993,1
VEN,1994,1
VEN,1995,1
VEN,1996,1
VEN,1997,1
VEN,1998,1
VEN,1999,1
VEN,2000,1
VEN,2001,1
VEN,2002,1
VEN,2003,1
VEN,2004,1
VEN,2005,1
VEN,2006,1
VEN,2007,1
VEN,2008,1
VEN,2009,1
VEN,2010,1
VEN,2011,1
VEN,2012,1
VEN,2013,1
VEN,2014,1
VEN,2015,1
VEN,2016,1
VEN,2017,1
VEN,2018,1
VEN,2019,1
VEN,2020,1
LUX,1989,1
LUX,1990,1
LUX,1991,1
LUX,1992,1
LUX,1993,1
LUX,1994,1
LUX,1995,1
LUX,1996,1
LUX,1997,1
LUX,1998,1
LUX,1999,1
LUX,2000,1
LUX,2001,1
LUX,2002,1
LUX,2003,1
LUX,2004,1
LUX,2005,1
LUX,2006,1
LUX,2007,1
LUX,2008,1
LUX,2009,1
LUX,2010,1
LUX,2011,1
LUX,2012,1
LUX,2013,1
LUX,2014,1
LUX,2015,1
LUX,2016,1
LUX,2017,1
LUX,2018,1
LUX,2019,1
LUX,2020,1
BRB,1989,1
BRB,1990,1
BRB,1991,1
BRB,1992,1
BRB,1993,1
BRB,1994,1
BRB,1995,1
BRB,1996,1
BRB,1997,1
BRB,1998,1
BRB,1999,1
BRB,2000,1
BRB,2001,1
BRB,2002,1
BRB,2003,1
BRB,2004,1
BRB,2005,1
BRB,2006,1
BRB,2007,1
BRB,2008,1
BRB,2009,1
BRB,2010,1
BRB,2011,1
BRB,2012,1
BRB,2013,1
BRB,2014,1
BRB,2015,1
BRB,2016,1
BRB,2017,1
BRB,2018,1
BRB,2019,1
BRB,2020,1
BMU,1989,0
BMU,1990,0
BMU,1991,0
BMU,1992,0
BMU,1993,0
BMU,1994,0
BMU,1995,0
BMU,1996,0
BMU,1997,0
BMU,1998,0
BMU,1999,0
BMU,2000,0
BMU,2001,0
BMU,2002,0
BMU,2003,0
BMU,2004,0
BMU,2005,0
BMU,2006,0
BMU,2007,0
BMU,2008,0
BMU,2009,0
BMU,2010,0
BMU,2011,0
BMU,2012,0
BMU,2013,0
BMU,2014,0
BMU,2015,0
BMU,2016,0
BMU,2017,0
BMU,2018,0
BMU,2019,0
BMU,2020,0
BOL,1989,1
BOL,1990,1
BOL,1991,1
BOL,1992,1
BOL,1993,1
BOL,1994,1
BOL,1995,1
BOL,1996,1
BOL,1997,1
BOL,1998,1
BOL,1999,1
BOL,2000,1
BOL,2001,1
BOL,2002,1
BOL,2003,1
BOL,2004,1
BOL,2005,1
BOL,2006,1
BOL,2007,1
BOL,2008,1
BOL,2009,1
BOL,2010,1
BOL,2011,1
BOL,2012,1
BOL,2013,1
BOL,2014,1
BOL,2015,1
BOL,2016,1
BOL,2017,1
BOL,2018,1
BOL,2019,1
BOL,2020,1
VGB,1989,0
VGB,1990,0
VGB,1991,0
VGB,1992,0
VGB,1993,0
VGB,1994,0
VGB,1995,0
VGB,1996,0
VGB,1997,0
VGB,1998,0
VGB,1999,0
VGB,2000,0
VGB,2001,0
VGB,2002,0
VGB,2003,0
VGB,2004,0
VGB,2005,0
VGB,2006,0
VGB,2007,0
VGB,2008,0
VGB,2009,0
VGB,2010,0
VGB,2011,0
VGB,2012,0
VGB,2013,0
VGB,2014,0
VGB,2015,0
VGB,2016,0
VGB,2017,0
VGB,2018,0
VGB,2019,0
VGB,2020,0
FJI,1989,1
FJI,1990,1
FJI,1991,1
FJI,1992,1
FJI,1993,1
FJI,1994,1
FJI,1995,1
FJI,1996,1
FJI,1997,1
FJI,1998,1
FJI,1999,1
FJI,2000,1
FJI,2001,1
FJI,2002,1
FJI,2003,1
FJI,2004,1
FJI,2005,1
FJI,2006,1
FJI,2007,1
FJI,2008,1
FJI,2009,1
FJI,2010,1
FJI,2011,1
FJI,2012,1
FJI,2013,1
FJI,2014,1
FJI,2015,1
FJI,2016,1
FJI,2017,1
FJI,2018,1
FJI,2019,1
FJI,2020,1
GUY,1989,1
GUY,1990,1
GUY,1991,1
GUY,1992,1
GUY,1993,1
GUY,1994,1
GUY,1995,1
GUY,1996,1
GUY,1997,1
GUY,1998,1
GUY,1999,1
GUY,2000,1
GUY,2001,1
GUY,2002,1
GUY,2003,1
GUY,2004,1
GUY,2005,1
GUY,2006,1
GUY,2007,1
GUY,2008,1
GUY,2009,1
GUY,2010,1
GUY,2011,1
GUY,2012,1
GUY,2013,1
GUY,2014,1
GUY,2015,1
GUY,2016,1
GUY,2017,1
GUY,2018,1
GUY,2019,1
GUY,2020,1
ISL,1989,1
ISL,1990,1
ISL,1991,1
ISL,1992,1
ISL,1993,1
ISL,1994,1
ISL,1995,1
ISL,1996,1
ISL,1997,1
ISL,1998,1
ISL,1999,1
ISL,2000,1
ISL,2001,1
ISL,2002,1
ISL,2003,1
ISL,2004,1
ISL,2005,1
ISL,2006,1
ISL,2007,1
ISL,2008,1
ISL,2009,1
ISL,2010,1
ISL,2011,1
ISL,2012,1
ISL,2013,1
ISL,2014,1
ISL,2015,1
ISL,2016,1
ISL,2017,1
ISL,2018,1
ISL,2019,1
ISL,2020,1
JAM,1989,1
JAM,1990,1
JAM,1991,1
JAM,1992,1
JAM,1993,1
JAM,1994,1
JAM,1995,1
JAM,1996,1
JAM,1997,1
JAM,1998,1
JAM,1999,1
JAM,2000,1
JAM,2001,1
JAM,2002,1
JAM,2003,1
JAM,2004,1
JAM,2005,1
JAM,2006,1
JAM,2007,1
JAM,2008,1
JAM,2009,1
JAM,2010,1
JAM,2011,1
JAM,2012,1
JAM,2013,1
JAM,2014,1
JAM,2015,1
JAM,2016,1
JAM,2017,1
JAM,2018,1
JAM,2019,1
JAM,2020,1
LAO,1989,1
LAO,1990,1
LAO,1991,1
LAO,1992,1
LAO,1993,1
LAO,1994,1
LAO,1995,1
LAO,1996,1
LAO,1997,1
LAO,1998,1
LAO,1999,1
LAO,2000,1
LAO,2001,1
LAO,2002,1
LAO,2003,1
LAO,2004,1
LAO,2005,1
LAO,2006,1
LAO,2007,1
LAO,2008,1
LAO,2009,1
LAO,2010,1
LAO,2011,1
LAO,2012,1
LAO,2013,1
LAO,2014,1
LAO,2015,1
LAO,2016,1
LAO,2017,1
LAO,2018,1
LAO,2019,1
LAO,2020,1
LVA,1989,0
LVA,1990,0
LVA,1991,1
LVA,1992,1
LVA,1993,1
LVA,1994,1
LVA,1995,1
LVA,1996,1
LVA,1997,1
LVA,1998,1
LVA,1999,1
LVA,2000,1
LVA,2001,1
LVA,2002,1
LVA,2003,1
LVA,2004,1
LVA,2005,1
LVA,2006,1
LVA,2007,1
LVA,2008,1
LVA,2009,1
LVA,2010,1
LVA,2011,1
LVA,2012,1
LVA,2013,1
LVA,2014,1
LVA,2015,1
LVA,2016,1
LVA,2017,1
LVA,2018,1
LVA,2019,1
LVA,2020,1
LTU,1989,0
LTU,1990,1
LTU,1991,1
LTU,1992,1
LTU,1993,1
LTU,1994,1
LTU,1995,1
LTU,1996,1
LTU,1997,1
LTU,1998,1
LTU,1999,1
LTU,2000,1
LTU,2001,1
LTU,2002,1
LTU,2003,1
LTU,2004,1
LTU,2005,1
LTU,2006,1
LTU,2007,1
LTU,2008,1
LTU,2009,1
LTU,2010,1
LTU,2011,1
LTU,2012,1
LTU,2013,1
LTU,2014,1
LTU,2015,1
LTU,2016,1
LTU,2017,1
LTU,2018,1
LTU,2019,1
LTU,2020,1
MLT,1989,1
MLT,1990,1
MLT,1991,1
MLT,1992,1
MLT,1993,1
MLT,1994,1
MLT,1995,1
MLT,1996,1
MLT,1997,1
MLT,1998,1
MLT,1999,1
MLT,2000,1
MLT,2001,1
MLT,2002,1
MLT,2003,1
MLT,2004,1
MLT,2005,1
MLT,2006,1
MLT,2007,1
MLT,2008,1
MLT,2009,1
MLT,2010,1
MLT,2011,1
MLT,2012,1
MLT,2013,1
MLT,2014,1
MLT,2015,1
MLT,2016,1
MLT,2017,1
MLT,2018,1
MLT,2019,1
MLT,2020,1
NRU,1989,1
NRU,1990,1
NRU,1991,1
NRU,1992,1
NRU,1993,1
NRU,1994,1
NRU,1995,0
NRU,1996,1
NRU,1997,1
NRU,1998,1
NRU,1999,1
NRU,2000,1
NRU,2001,1
NRU,2002,1
NRU,2003,1
NRU,2004,1
NRU,2005,1
NRU,2006,1
NRU,2007,1
NRU,2008,1
NRU,2009,1
NRU,2010,1
NRU,2011,1
NRU,2012,1
NRU,2013,1
NRU,2014,1
NRU,2015,1
NRU,2016,1
NRU,2017,1
NRU,2018,1
NRU,2019,1
NRU,2020,1
NIC,1989,1
NIC,1990,1
NIC,1991,1
NIC,1992,1
NIC,1993,1
NIC,1994,1
NIC,1995,1
NIC,1996,1
NIC,1997,1
NIC,1998,1
NIC,1999,1
NIC,2000,1
NIC,2001,1
NIC,2002,1
NIC,2003,1
NIC,2004,1
NIC,2005,1
NIC,2006,1
NIC,2007,1
NIC,2008,1
NIC,2009,1
NIC,2010,1
NIC,2011,1
NIC,2012,1
NIC,2013,1
NIC,2014,1
NIC,2015,1
NIC,2016,1
NIC,2017,1
NIC,2018,1
NIC,2019,1
NIC,2020,1
NIU,1989,0
NIU,1990,0
NIU,1991,0
NIU,1992,0
NIU,1993,0
NIU,1994,0
NIU,1995,0
NIU,1996,0
NIU,1997,0
NIU,1998,0
NIU,1999,0
NIU,2000,0
NIU,2001,0
NIU,2002,0
NIU,2003,0
NIU,2004,0
NIU,2005,0
NIU,2006,0
NIU,2007,0
NIU,2008,0
NIU,2009,0
NIU,2010,0
NIU,2011,0
NIU,2012,0
NIU,2013,0
NIU,2014,0
NIU,2015,0
NIU,2016,0
NIU,2017,0
NIU,2018,0
NIU,2019,0
NIU,2020,0
MNP,1989,0
MNP,1990,0
MNP,1991,0
MNP,1992,0
MNP,1993,0
MNP,1994,0
MNP,1995,0
MNP,1996,0
MNP,1997,0
MNP,1998,0
MNP,1999,0
MNP,2000,0
MNP,2001,0
MNP,2002,0
MNP,2003,0
MNP,2004,0
MNP,2005,0
MNP,2006,0
MNP,2007,0
MNP,2008,0
MNP,2009,0
MNP,2010,0
MNP,2011,0
MNP,2012,0
MNP,2013,0
MNP,2014,0
MNP,2015,0
MNP,2016,0
MNP,2017,0
MNP,2018,0
MNP,2019,0
MNP,2020,0
PAN,1989,1
PAN,1990,1
PAN,1991,1
PAN,1992,1
PAN,1993,1
PAN,1994,1
PAN,1995,1
PAN,1996,1
PAN,1997,1
PAN,1998,1
PAN,1999,1
PAN,2000,1
PAN,2001,1
PAN,2002,1
PAN,2003,1
PAN,2004,1
PAN,2005,1
PAN,2006,1
PAN,2007,1
PAN,2008,1
PAN,2009,1
PAN,2010,1
PAN,2011,1
PAN,2012,1
PAN,2013,1
PAN,2014,1
PAN,2015,1
PAN,2016,1
PAN,2017,1
PAN,2018,1
PAN,2019,1
PAN,2020,1
PNG,1989,1
PNG,1990,1
PNG,1991,1
PNG,1992,1
PNG,1993,1
PNG,1994,1
PNG,1995,1
PNG,1996,1
PNG,1997,1
PNG,1998,1
PNG,1999,1
PNG,2000,1
PNG,2001,1
PNG,2002,1
PNG,2003,1
PNG,2004,1
PNG,2005,1
PNG,2006,1
PNG,2007,1
PNG,2008,1
PNG,2009,1
PNG,2010,1
PNG,2011,1
PNG,2012,1
PNG,2013,1
PNG,2014,1
PNG,2015,1
PNG,2016,1
PNG,2017,1
PNG,2018,1
PNG,2019,1
PNG,2020,1
PRY,1989,1
PRY,1990,1
PRY,1991,1
PRY,1992,1
PRY,1993,1
PRY,1994,1
PRY,1995,1
PRY,1996,1
PRY,1997,1
PRY,1998,1
PRY,1999,1
PRY,2000,1
PRY,2001,1
PRY,2002,1
PRY,2003,1
PRY,2004,1
PRY,2005,1
PRY,2006,1
PRY,2007,1
PRY,2008,1
PRY,2009,1
PRY,2010,1
PRY,2011,1
PRY,2012,1
PRY,2013,1
PRY,2014,1
PRY,2015,1
PRY,2016,1
PRY,2017,1
PRY,2018,1
PRY,2019,1
PRY,2020,1
PER,1989,1
PER,1990,1
PER,1991,1
PER,1992,1
PER,1993,1
PER,1994,1
PER,1995,1
PER,1996,1
PER,1997,1
PER,1998,1
PER,1999,1
PER,2000,1
PER,2001,1
PER,2002,1
PER,2003,1
PER,2004,1
PER,2005,1
PER,2006,1
PER,2007,1
PER,2008,1
PER,2009,1
PER,2010,1
PER,2011,1
PER,2012,1
PER,2013,1
PER,2014,1
PER,2015,1
PER,2016,1
PER,2017,1
PER,2018,1
PER,2019,1
PER,2020,1
SHN,1989,0
SHN,1990,0
SHN,1991,0
SHN,1992,0
SHN,1993,0
SHN,1994,0
SHN,1995,0
SHN,1996,0
SHN,1997,0
SHN,1998,0
SHN,1999,0
SHN,2000,0
SHN,2001,0
SHN,2002,0
SHN,2003,0
SHN,2004,0
SHN,2005,0
SHN,2006,0
SHN,2007,0
SHN,2008,0
SHN,2009,0
SHN,2010,0
SHN,2011,0
SHN,2012,0
SHN,2013,0
SHN,2014,0
SHN,2015,0
SHN,2016,0
SHN,2017,0
SHN,2018,0
SHN,2019,0
SHN,2020,0
KNA,1989,1
KNA,1990,1
KNA,1991,1
KNA,1992,1
KNA,1993,1
KNA,1994,1
KNA,1995,1
KNA,1996,1
KNA,1997,1
KNA,1998,1
KNA,1999,1
KNA,2000,1
KNA,2001,1
KNA,2002,1
KNA,2003,1
KNA,2004,1
KNA,2005,1
KNA,2006,1
KNA,2007,1
KNA,2008,1
KNA,2009,1
KNA,2010,1
KNA,2011,1
KNA,2012,1
KNA,2013,1
KNA,2014,1
KNA,2015,1
KNA,2016,1
KNA,2017,1
KNA,2018,1
KNA,2019,1
KNA,2020,1
SRB,1989,0
SRB,1990,0
SRB,1991,0
SRB,1992,0
SRB,1993,0
SRB,1994,1
SRB,1995,1
SRB,1996,0
SRB,1997,0
SRB,1998,0
SRB,1999,1
SRB,2000,1
SRB,2001,1
SRB,2002,1
SRB,2003,1
SRB,2004,1
SRB,2005,1
SRB,2006,1
SRB,2007,1
SRB,2008,1
SRB,2009,1
SRB,2010,1
SRB,2011,1
SRB,2012,1
SRB,2013,1
SRB,2014,1
SRB,2015,1
SRB,2016,1
SRB,2017,1
SRB,2018,1
SRB,2019,1
SRB,2020,1
TTO,1989,1
TTO,1990,1
TTO,1991,1
TTO,1992,1
TTO,1993,1
TTO,1994,1
TTO,1995,1
TTO,1996,1
TTO,1997,1
TTO,1998,1
TTO,1999,1
TTO,2000,1
TTO,2001,1
TTO,2002,1
TTO,2003,1
TTO,2004,1
TTO,2005,1
TTO,2006,1
TTO,2007,1
TTO,2008,1
TTO,2009,1
TTO,2010,1
TTO,2011,1
TTO,2012,1
TTO,2013,1
TTO,2014,1
TTO,2015,1
TTO,2016,1
TTO,2017,1
TTO,2018,1
TTO,2019,1
TTO,2020,1
URY,1989,1
URY,1990,1
URY,1991,1
URY,1992,1
URY,1993,1
URY,1994,1
URY,1995,1
URY,1996,1
URY,1997,1
URY,1998,1
URY,1999,1
URY,2000,1
URY,2001,1
URY,2002,1
URY,2003,1
URY,2004,1
URY,2005,1
URY,2006,1
URY,2007,1
URY,2008,1
URY,2009,1
URY,2010,1
URY,2011,1
URY,2012,1
URY,2013,1
URY,2014,1
URY,2015,1
URY,2016,1
URY,2017,1
URY,2018,1
URY,2019,1
URY,2020,1
VNM,1989,1
VNM,1990,1
VNM,1991,1
VNM,1992,1
VNM,1993,1
VNM,1994,1
VNM,1995,1
VNM,1996,1
VNM,1997,1
VNM,1998,1
VNM,1999,1
VNM,2000,1
VNM,2001,1
VNM,2002,1
VNM,2003,1
VNM,2004,1
VNM,2005,1
VNM,2006,1
VNM,2007,1
VNM,2008,1
VNM,2009,1
VNM,2010,1
VNM,2011,1
VNM,2012,1
VNM,2013,1
VNM,2014,1
VNM,2015,1
VNM,2016,1
VNM,2017,1
VNM,2018,1
VNM,2019,1
VNM,2020,1
TLS,1989,0
TLS,1990,0
TLS,1991,0
TLS,1992,0
TLS,1993,0
TLS,1994,0
TLS,1995,0
TLS,1996,0
TLS,1997,0
TLS,1998,0
TLS,1999,0
TLS,2000,0
TLS,2001,0
TLS,2002,0
TLS,2003,0
TLS,2004,0
TLS,2005,0
TLS,2006,0
TLS,2007,0
TLS,2008,0
TLS,2009,0
TLS,2010,0
TLS,2011,0
TLS,2012,0
TLS,2013,0
TLS,2014,0
TLS,2015,0
TLS,2016,0
TLS,2017,0
TLS,2018,0
TLS,2019,0
TLS,2020,0
VIR,1989,0
VIR,1990,0
VIR,1991,0
VIR,1992,0
VIR,1993,0
VIR,1994,0
VIR,1995,0
VIR,1996,0
VIR,1997,0
VIR,1998,0
VIR,1999,0
VIR,2000,0
VIR,2001,0
VIR,2002,0
VIR,2003,0
VIR,2004,0
VIR,2005,0
VIR,2006,0
VIR,2007,0
VIR,2008,0
VIR,2009,0
VIR,2010,0
VIR,2011,0
VIR,2012,0
VIR,2013,0
VIR,2014,0
VIR,2015,0
VIR,2016,0
VIR,2017,0
VIR,2018,0
VIR,2019,0
VIR,2020,0
AND,1989,0
AND,1990,0
AND,1991,0
AND,1992,0
AND,1993,1
AND,1994,1
AND,1995,1
AND,1996,1
AND,1997,1
AND,1998,1
AND,1999,1
AND,2000,1
AND,2001,1
AND,2002,1
AND,2003,1
AND,2004,1
AND,2005,1
AND,2006,1
AND,2007,1
AND,2008,1
AND,2009,1
AND,2010,1
AND,2011,1
AND,2012,1
AND,2013,1
AND,2014,1
AND,2015,1
AND,2016,1
AND,2017,1
AND,2018,1
AND,2019,1
AND,2020,1
BTN,1989,1
BTN,1990,1
BTN,1991,1
BTN,1992,1
BTN,1993,1
BTN,1994,1
BTN,1995,1
BTN,1996,1
BTN,1997,1
BTN,1998,1
BTN,1999,1
BTN,2000,1
BTN,2001,1
BTN,2002,1
BTN,2003,1
BTN,2004,1
BTN,2005,1
BTN,2006,1
BTN,2007,1
BTN,2008,1
BTN,2009,1
BTN,2010,1
BTN,2011,1
BTN,2012,1
BTN,2013,1
BTN,2014,1
BTN,2015,1
BTN,2016,1
BTN,2017,1
BTN,2018,1
BTN,2019,1
BTN,2020,1
BLZ,1989,1
BLZ,1990,1
BLZ,1991,1
BLZ,1992,1
BLZ,1993,1
BLZ,1994,1
BLZ,1995,1
BLZ,1996,1
BLZ,1997,1
BLZ,1998,1
BLZ,1999,1
BLZ,2000,1
BLZ,2001,1
BLZ,2002,1
BLZ,2003,1
BLZ,2004,1
BLZ,2005,1
BLZ,2006,1
BLZ,2007,1
BLZ,2008,1
BLZ,2009,1
BLZ,2010,1
BLZ,2011,1
BLZ,2012,1
BLZ,2013,1
BLZ,2014,1
BLZ,2015,1
BLZ,2016,1
BLZ,2017,1
BLZ,2018,1
BLZ,2019,1
BLZ,2020,1
SLB,1989,1
SLB,1990,1
SLB,1991,1
SLB,1992,1
SLB,1993,1
SLB,1994,1
SLB,1995,1
SLB,1996,1
SLB,1997,1
SLB,1998,1
SLB,1999,1
SLB,2000,1
SLB,2001,1
SLB,2002,1
SLB,2003,1
SLB,2004,1
SLB,2005,1
SLB,2006,1
SLB,2007,1
SLB,2008,1
SLB,2009,1
SLB,2010,1
SLB,2011,1
SLB,2012,1
SLB,2013,1
SLB,2014,1
SLB,2015,1
SLB,2016,1
SLB,2017,1
SLB,2018,1
SLB,2019,1
SLB,2020,1
KHM,1989,1
KHM,1990,1
KHM,1991,1
KHM,1992,1
KHM,1993,1
KHM,1994,1
KHM,1995,1
KHM,1996,1
KHM,1997,1
KHM,1998,1
KHM,1999,1
KHM,2000,1
KHM,2001,1
KHM,2002,1
KHM,2003,1
KHM,2004,1
KHM,2005,1
KHM,2006,1
KHM,2007,1
KHM,2008,1
KHM,2009,1
KHM,2010,1
KHM,2011,1
KHM,2012,1
KHM,2013,1
KHM,2014,1
KHM,2015,1
KHM,2016,1
KHM,2017,1
KHM,2018,1
KHM,2019,1
KHM,2020,1
CRI,1989,1
CRI,1990,1
CRI,1991,1
CRI,1992,1
CRI,1993,1
CRI,1994,1
CRI,1995,1
CRI,1996,1
CRI,1997,1
CRI,1998,1
CRI,1999,1
CRI,2000,1
CRI,2001,1
CRI,2002,1
CRI,2003,1
CRI,2004,1
CRI,2005,1
CRI,2006,1
CRI,2007,1
CRI,2008,1
CRI,2009,1
CRI,2010,1
CRI,2011,1
CRI,2012,1
CRI,2013,1
CRI,2014,1
CRI,2015,1
CRI,2016,1
CRI,2017,1
CRI,2018,1
CRI,2019,1
CRI,2020,1
DMA,1989,1
DMA,1990,1
DMA,1991,1
DMA,1992,1
DMA,1993,1
DMA,1994,1
DMA,1995,1
DMA,1996,1
DMA,1997,1
DMA,1998,1
DMA,1999,1
DMA,2000,1
DMA,2001,1
DMA,2002,1
DMA,2003,1
DMA,2004,1
DMA,2005,1
DMA,2006,1
DMA,2007,1
DMA,2008,1
DMA,2009,1
DMA,2010,1
DMA,2011,1
DMA,2012,1
DMA,2013,1
DMA,2014,1
DMA,2015,1
DMA,2016,1
DMA,2017,1
DMA,2018,1
DMA,2019,1
DMA,2020,1
DOM,1989,1
DOM,1990,1
DOM,1991,1
DOM,1992,1
DOM,1993,1
DOM,1994,1
DOM,1995,1
DOM,1996,1
DOM,1997,1
DOM,1998,1
DOM,1999,1
DOM,2000,1
DOM,2001,1
DOM,2002,1
DOM,2003,1
DOM,2004,1
DOM,2005,1
DOM,2006,1
DOM,2007,1
DOM,2008,1
DOM,2009,1
DOM,2010,1
DOM,2011,1
DOM,2012,1
DOM,2013,1
DOM,2014,1
DOM,2015,1
DOM,2016,1
DOM,2017,1
DOM,2018,1
DOM,2019,1
DOM,2020,1
KIR,1989,1
KIR,1990,1
KIR,1991,1
KIR,1992,1
KIR,1993,1
KIR,1994,1
KIR,1995,0
KIR,1996,1
KIR,1997,1
KIR,1998,1
KIR,1999,1
KIR,2000,1
KIR,2001,1
KIR,2002,1
KIR,2003,1
KIR,2004,1
KIR,2005,1
KIR,2006,1
KIR,2007,1
KIR,2008,1
KIR,2009,1
KIR,2010,1
KIR,2011,1
KIR,2012,1
KIR,2013,1
KIR,2014,1
KIR,2015,1
KIR,2016,1
KIR,2017,1
KIR,2018,1
KIR,2019,1
KIR,2020,1
HTI,1989,1
HTI,1990,1
HTI,1991,1
HTI,1992,1
HTI,1993,1
HTI,1994,1
HTI,1995,1
HTI,1996,1
HTI,1997,1
HTI,1998,1
HTI,1999,1
HTI,2000,1
HTI,2001,1
HTI,2002,1
HTI,2003,1
HTI,2004,1
HTI,2005,1
HTI,2006,1
HTI,2007,1
HTI,2008,1
HTI,2009,1
HTI,2010,1
HTI,2011,1
HTI,2012,1
HTI,2013,1
HTI,2014,1
HTI,2015,1
HTI,2016,1
HTI,2017,1
HTI,2018,1
HTI,2019,1
HTI,2020,1
HND,1989,1
HND,1990,1
HND,1991,1
HND,1992,1
HND,1993,1
HND,1994,1
HND,1995,1
HND,1996,1
HND,1997,1
HND,1998,1
HND,1999,1
HND,2000,1
HND,2001,1
HND,2002,1
HND,2003,1
HND,2004,1
HND,2005,1
HND,2006,1
HND,2007,1
HND,2008,1
HND,2009,1
HND,2010,1
HND,2011,1
HND,2012,1
HND,2013,1
HND,2014,1
HND,2015,1
HND,2016,1
HND,2017,1
HND,2018,1
HND,2019,1
HND,2020,1
LIE,1989,0
LIE,1990,1
LIE,1991,1
LIE,1992,1
LIE,1993,1
LIE,1994,1
LIE,1995,1
LIE,1996,1
LIE,1997,1
LIE,1998,1
LIE,1999,1
LIE,2000,1
LIE,2001,1
LIE,2002,1
LIE,2003,1
LIE,2004,1
LIE,2005,1
LIE,2006,1
LIE,2007,1
LIE,2008,1
LIE,2009,1
LIE,2010,1
LIE,2011,1
LIE,2012,1
LIE,2013,1
LIE,2014,1
LIE,2015,1
LIE,2016,1
LIE,2017,1
LIE,2018,1
LIE,2019,1
LIE,2020,1
FSM,1989,0
FSM,1990,0
FSM,1991,1
FSM,1992,1
FSM,1993,1
FSM,1994,1
FSM,1995,1
FSM,1996,1
FSM,1997,1
FSM,1998,1
FSM,1999,1
FSM,2000,1
FSM,2001,1
FSM,2002,1
FSM,2003,1
FSM,2004,1
FSM,2005,1
FSM,2006,1
FSM,2007,1
FSM,2008,1
FSM,2009,1
FSM,2010,1
FSM,2011,1
FSM,2012,1
FSM,2013,1
FSM,2014,1
FSM,2015,1
FSM,2016,1
FSM,2017,1
FSM,2018,1
FSM,2019,1
FSM,2020,1
MHL,1989,0
MHL,1990,0
MHL,1991,1
MHL,1992,1
MHL,1993,1
MHL,1994,1
MHL,1995,1
MHL,1996,1
MHL,1997,1
MHL,1998,1
MHL,1999,1
MHL,2000,1
MHL,2001,1
MHL,2002,1
MHL,2003,1
MHL,2004,1
MHL,2005,1
MHL,2006,1
MHL,2007,1
MHL,2008,1
MHL,2009,1
MHL,2010,1
MHL,2011,1
MHL,2012,1
MHL,2013,1
MHL,2014,1
MHL,2015,1
MHL,2016,1
MHL,2017,1
MHL,2018,1
MHL,2019,1
MHL,2020,1
PLW,1989,0
PLW,1990,0
PLW,1991,0
PLW,1992,0
PLW,1993,0
PLW,1994,1
PLW,1995,1
PLW,1996,1
PLW,1997,1
PLW,1998,1
PLW,1999,1
PLW,2000,1
PLW,2001,1
PLW,2002,1
PLW,2003,1
PLW,2004,1
PLW,2005,1
PLW,2006,1
PLW,2007,1
PLW,2008,1
PLW,2009,1
PLW,2010,1
PLW,2011,1
PLW,2012,1
PLW,2013,1
PLW,2014,1
PLW,2015,1
PLW,2016,1
PLW,2017,1
PLW,2018,1
PLW,2019,1
PLW,2020,1
VCT,1989,1
VCT,1990,1
VCT,1991,1
VCT,1992,1
VCT,1993,1
VCT,1994,1
VCT,1995,1
VCT,1996,1
VCT,1997,1
VCT,1998,1
VCT,1999,1
VCT,2000,1
VCT,2001,1
VCT,2002,1
VCT,2003,1
VCT,2004,1
VCT,2005,1
VCT,2006,1
VCT,2007,1
VCT,2008,1
VCT,2009,1
VCT,2010,1
VCT,2011,1
VCT,2012,1
VCT,2013,1
VCT,2014,1
VCT,2015,1
VCT,2016,1
VCT,2017,1
VCT,2018,1
VCT,2019,1
VCT,2020,1
TON,1989,1
TON,1990,1
TON,1991,1
TON,1992,1
TON,1993,1
TON,1994,1
TON,1995,0
TON,1996,1
TON,1997,1
TON,1998,1
TON,1999,1
TON,2000,1
TON,2001,1
TON,2002,1
TON,2003,1
TON,2004,1
TON,2005,1
TON,2006,1
TON,2007,1
TON,2008,1
TON,2009,1
TON,2010,1
TON,2011,1
TON,2012,1
TON,2013,1
TON,2014,1
TON,2015,1
TON,2016,1
TON,2017,1
TON,2018,1
TON,2019,1
TON,2020,1
TUV,1989,1
TUV,1990,1
TUV,1991,1
TUV,1992,1
TUV,1993,1
TUV,1994,1
TUV,1995,0
TUV,1996,1
TUV,1997,1
TUV,1998,1
TUV,1999,1
TUV,2000,1
TUV,2001,1
TUV,2002,1
TUV,2003,1
TUV,2004,1
TUV,2005,1
TUV,2006,1
TUV,2007,1
TUV,2008,1
TUV,2009,1
TUV,2010,1
TUV,2011,1
TUV,2012,1
TUV,2013,1
TUV,2014,1
TUV,2015,1
TUV,2016,1
TUV,2017,1
TUV,2018,1
TUV,2019,1
TUV,2020,1
WSM,1989,1
WSM,1990,1
WSM,1991,1
WSM,1992,1
WSM,1993,1
WSM,1994,1
WSM,1995,1
WSM,1996,1
WSM,1997,1
WSM,1998,1
WSM,1999,1
WSM,2000,1
WSM,2001,1
WSM,2002,1
WSM,2003,1
WSM,2004,1
WSM,2005,1
WSM,2006,1
WSM,2007,1
WSM,2008,1
WSM,2009,1
WSM,2010,1
WSM,2011,1
WSM,2012,1
WSM,2013,1
WSM,2014,1
WSM,2015,1
WSM,2016,1
WSM,2017,1
WSM,2018,1
WSM,2019,1
WSM,2020,1
ASM,1989,0
ASM,1990,0
ASM,1991,0
ASM,1992,0
ASM,1993,0
ASM,1994,0
ASM,1995,0
ASM,1996,0
ASM,1997,0
ASM,1998,0
ASM,1999,0
ASM,2000,0
ASM,2001,0
ASM,2002,0
ASM,2003,0
ASM,2004,0
ASM,2005,0
ASM,2006,0
ASM,2007,0
ASM,2008,0
ASM,2009,0
ASM,2010,0
ASM,2011,0
ASM,2012,0
ASM,2013,0
ASM,2014,0
ASM,2015,0
ASM,2016,0
ASM,2017,0
ASM,2018,0
ASM,2019,0
ASM,2020,0
PYF,1989,0
PYF,1990,0
PYF,1991,0
PYF,1992,0
PYF,1993,0
PYF,1994,0
PYF,1995,0
PYF,1996,0
PYF,1997,0
PYF,1998,0
PYF,1999,0
PYF,2000,0
PYF,2001,0
PYF,2002,0
PYF,2003,0
PYF,2004,0
PYF,2005,0
PYF,2006,0
PYF,2007,0
PYF,2008,0
PYF,2009,0
PYF,2010,0
PYF,2011,0
PYF,2012,0
PYF,2013,0
PYF,2014,0
PYF,2015,0
PYF,2016,0
PYF,2017,0
PYF,2018,0
PYF,2019,0
PYF,2020,0
GRD,1989,1
GRD,1990,1
GRD,1991,1
GRD,1992,1
GRD,1993,1
GRD,1994,1
GRD,1995,1
GRD,1996,1
GRD,1997,1
GRD,1998,1
GRD,1999,1
GRD,2000,1
GRD,2001,1
GRD,2002,1
GRD,2003,1
GRD,2004,1
GRD,2005,1
GRD,2006,1
GRD,2007,1
GRD,2008,1
GRD,2009,1
GRD,2010,1
GRD,2011,1
GRD,2012,1
GRD,2013,1
GRD,2014,1
GRD,2015,1
GRD,2016,1
GRD,2017,1
GRD,2018,1
GRD,2019,1
GRD,2020,1
GLP,1989,0
GLP,1990,0
GLP,1991,0
GLP,1992,0
GLP,1993,0
GLP,1994,0
GLP,1995,0
GLP,1996,0
GLP,1997,0
GLP,1998,0
GLP,1999,0
GLP,2000,0
GLP,2001,0
GLP,2002,0
GLP,2003,0
GLP,2004,0
GLP,2005,0
GLP,2006,0
GLP,2007,0
GLP,2008,0
GLP,2009,0
GLP,2010,0
GLP,2011,0
GLP,2012,0
GLP,2013,0
GLP,2014,0
GLP,2015,0
GLP,2016,0
GLP,2017,0
GLP,2018,0
GLP,2019,0
GLP,2020,0
TCA,1989,0
TCA,1990,0
TCA,1991,0
TCA,1992,0
TCA,1993,0
TCA,1994,0
TCA,1995,0
TCA,1996,0
TCA,1997,0
TCA,1998,0
TCA,1999,0
TCA,2000,0
TCA,2001,0
TCA,2002,0
TCA,2003,0
TCA,2004,0
TCA,2005,0
TCA,2006,0
TCA,2007,0
TCA,2008,0
TCA,2009,0
TCA,2010,0
TCA,2011,0
TCA,2012,0
TCA,2013,0
TCA,2014,0
TCA,2015,0
TCA,2016,0
TCA,2017,0
TCA,2018,0
TCA,2019,0
TCA,2020,0
GEO,1989,0
GEO,1990,0
GEO,1991,0
GEO,1992,1
GEO,1993,1
GEO,1994,1
GEO,1995,1
GEO,1996,1
GEO,1997,1
GEO,1998,1
GEO,1999,1
GEO,2000,1
GEO,2001,1
GEO,2002,1
GEO,2003,1
GEO,2004,1
GEO,2005,1
GEO,2006,1
GEO,2007,1
GEO,2008,1
GEO,2009,1
GEO,2010,1
GEO,2011,1
GEO,2012,1
GEO,2013,1
GEO,2014,1
GEO,2015,1
GEO,2016,1
GEO,2017,1
GEO,2018,1
GEO,2019,1
GEO,2020,1
MAC,1989,0
MAC,1990,0
MAC,1991,0
MAC,1992,0
MAC,1993,0
MAC,1994,0
MAC,1995,0
MAC,1996,0
MAC,1997,0
MAC,1998,0
MAC,1999,0
MAC,2000,0
MAC,2001,0
MAC,2002,0
MAC,2003,0
MAC,2004,0
MAC,2005,0
MAC,2006,0
MAC,2007,0
MAC,2008,0
MAC,2009,0
MAC,2010,0
MAC,2011,0
MAC,2012,0
MAC,2013,0
MAC,2014,0
MAC,2015,0
MAC,2016,0
MAC,2017,0
MAC,2018,0
MAC,2019,0
MAC,2020,0
GUM,1989,0
GUM,1990,0
GUM,1991,0
GUM,1992,0
GUM,1993,0
GUM,1994,0
GUM,1995,0
GUM,1996,0
GUM,1997,0
GUM,1998,0
GUM,1999,0
GUM,2000,0
GUM,2001,0
GUM,2002,0
GUM,2003,0
GUM,2004,0
GUM,2005,0
GUM,2006,0
GUM,2007,0
GUM,2008,0
GUM,2009,0
GUM,2010,0
GUM,2011,0
GUM,2012,0
GUM,2013,0
GUM,2014,0
GUM,2015,0
GUM,2016,0
GUM,2017,0
GUM,2018,0
GUM,2019,0
GUM,2020,0
ABW,1989,0
ABW,1990,0
ABW,1991,0
ABW,1992,0
ABW,1993,0
ABW,1994,0
ABW,1995,0
ABW,1996,0
ABW,1997,0
ABW,1998,0
ABW,1999,0
ABW,2000,0
ABW,2001,0
ABW,2002,0
ABW,2003,0
ABW,2004,0
ABW,2005,0
ABW,2006,0
ABW,2007,0
ABW,2008,0
ABW,2009,0
ABW,2010,0
ABW,2011,0
ABW,2012,0
ABW,2013,0
ABW,2014,0
ABW,2015,0
ABW,2016,0
ABW,2017,0
ABW,2018,0
ABW,2019,0
ABW,2020,0
PRI,1989,0
PRI,1990,0
PRI,1991,0
PRI,1992,0
PRI,1993,0
PRI,1994,0
PRI,1995,0
PRI,1996,0
PRI,1997,0
PRI,1998,0
PRI,1999,0
PRI,2000,0
PRI,2001,0
PRI,2002,0
PRI,2003,0
PRI,2004,0
PRI,2005,0
PRI,2006,0
PRI,2007,0
PRI,2008,0
PRI,2009,0
PRI,2010,0
PRI,2011,0
PRI,2012,0
PRI,2013,0
PRI,2014,0
PRI,2015,0
PRI,2016,0
PRI,2017,0
PRI,2018,0
PRI,2019,0
PRI,2020,0
SUR,1989,1
SUR,1990,1
SUR,1991,1
SUR,1992,1
SUR,1993,1
SUR,1994,1
SUR,1995,1
SUR,1996,1
SUR,1997,1
SUR,1998,1
SUR,1999,1
SUR,2000,1
SUR,2001,1
SUR,2002,1
SUR,2003,1
SUR,2004,1
SUR,2005,1
SUR,2006,1
SUR,2007,1
SUR,2008,1
SUR,2009,1
SUR,2010,1
SUR,2011,1
SUR,2012,1
SUR,2013,1
SUR,2014,1
SUR,2015,1
SUR,2016,1
SUR,2017,1
SUR,2018,1
SUR,2019,1
SUR,2020,1
AIA,1989,0
AIA,1990,0
AIA,1991,0
AIA,1992,0
AIA,1993,0
AIA,1994,0
AIA,1995,0
AIA,1996,0
AIA,1997,0
AIA,1998,0
AIA,1999,0
AIA,2000,0
AIA,2001,0
AIA,2002,0
AIA,2003,0
AIA,2004,0
AIA,2005,0
AIA,2006,0
AIA,2007,0
AIA,2008,0
AIA,2009,0
AIA,2010,0
AIA,2011,0
AIA,2012,0
AIA,2013,0
AIA,2014,0
AIA,2015,0
AIA,2016,0
AIA,2017,0
AIA,2018,0
AIA,2019,0
AIA,2020,0
CYM,1989,0
CYM,1990,0
CYM,1991,0
CYM,1992,0
CYM,1993,0
CYM,1994,0
CYM,1995,0
CYM,1996,0
CYM,1997,0
CYM,1998,0
CYM,1999,0
CYM,2000,0
CYM,2001,0
CYM,2002,0
CYM,2003,0
CYM,2004,0
CYM,2005,0
CYM,2006,0
CYM,2007,0
CYM,2008,0
CYM,2009,0
CYM,2010,0
CYM,2011,0
CYM,2012,0
CYM,2013,0
CYM,2014,0
CYM,2015,0
CYM,2016,0
CYM,2017,0
CYM,2018,0
CYM,2019,0
CYM,2020,0
GRL,1989,0
GRL,1990,0
GRL,1991,0
GRL,1992,0
GRL,1993,0
GRL,1994,0
GRL,1995,0
GRL,1996,0
GRL,1997,0
GRL,1998,0
GRL,1999,0
GRL,2000,0
GRL,2001,0
GRL,2002,0
GRL,2003,0
GRL,2004,0
GRL,2005,0
GRL,2006,0
GRL,2007,0
GRL,2008,0
GRL,2009,0
GRL,2010,0
GRL,2011,0
GRL,2012,0
GRL,2013,0
GRL,2014,0
GRL,2015,0
GRL,2016,0
GRL,2017,0
GRL,2018,0
GRL,2019,0
GRL,2020,0
VAT,1989,0
VAT,1990,0
VAT,1991,0
VAT,1992,0
VAT,1993,0
VAT,1994,0
VAT,1995,0
VAT,1996,0
VAT,1997,0
VAT,1998,0
VAT,1999,0
VAT,2000,0
VAT,2001,0
VAT,2002,0
VAT,2003,0
VAT,2004,0
VAT,2005,0
VAT,2006,0
VAT,2007,0
VAT,2008,0
VAT,2009,0
VAT,2010,0
VAT,2011,0
VAT,2012,0
VAT,2013,0
VAT,2014,0
VAT,2015,0
VAT,2016,0
VAT,2017,0
VAT,2018,0
VAT,2019,0
VAT,2020,0
IMN,1989,0
IMN,1990,0
IMN,1991,0
IMN,1992,0
IMN,1993,0
IMN,1994,0
IMN,1995,0
IMN,1996,0
IMN,1997,0
IMN,1998,0
IMN,1999,0
IMN,2000,0
IMN,2001,0
IMN,2002,0
IMN,2003,0
IMN,2004,0
IMN,2005,0
IMN,2006,0
IMN,2007,0
IMN,2008,0
IMN,2009,0
IMN,2010,0
IMN,2011,0
IMN,2012,0
IMN,2013,0
IMN,2014,0
IMN,2015,0
IMN,2016,0
IMN,2017,0
IMN,2018,0
IMN,2019,0
IMN,2020,0
MNE,1989,0
MNE,1990,0
MNE,1991,0
MNE,1992,0
MNE,1993,0
MNE,1994,1
MNE,1995,1
MNE,1996,1
MNE,1997,1
MNE,1998,1
MNE,1999,1
MNE,2000,1
MNE,2001,1
MNE,2002,1
MNE,2003,1
MNE,2004,1
MNE,2005,1
MNE,2006,1
MNE,2007,1
MNE,2008,1
MNE,2009,1
MNE,2010,1
MNE,2011,1
MNE,2012,1
MNE,2013,1
MNE,2014,1
MNE,2015,1
MNE,2016,1
MNE,2017,1
MNE,2018,1
MNE,2019,1
MNE,2020,1
SMR,1989,0
SMR,1990,0
SMR,1991,0
SMR,1992,1
SMR,1993,1
SMR,1994,1
SMR,1995,1
SMR,1996,1
SMR,1997,1
SMR,1998,1
SMR,1999,1
SMR,2000,1
SMR,2001,1
SMR,2002,1
SMR,2003,1
SMR,2004,1
SMR,2005,1
SMR,2006,1
SMR,2007,1
SMR,2008,1
SMR,2009,1
SMR,2010,1
SMR,2011,1
SMR,2012,1
SMR,2013,1
SMR,2014,1
SMR,2015,1
SMR,2016,1
SMR,2017,1
SMR,2018,1
SMR,2019,1
SMR,2020,1
TKL,1989,0
TKL,1990,0
TKL,1991,0
TKL,1992,0
TKL,1993,0
TKL,1994,0
TKL,1995,0
TKL,1996,0
TKL,1997,0
TKL,1998,0
TKL,1999,0
TKL,2000,0
TKL,2001,0
TKL,2002,0
TKL,2003,0
TKL,2004,0
TKL,2005,0
TKL,2006,0
TKL,2007,0
TKL,2008,0
TKL,2009,0
TKL,2010,0
TKL,2011,0
TKL,2012,0
TKL,2013,0
TKL,2014,0
TKL,2015,0
TKL,2016,0
TKL,2017,0
TKL,2018,0
TKL,2019,0
TKL,2020,0
VUT,1989,1
VUT,1990,1
VUT,1991,1
VUT,1992,1
VUT,1993,1
VUT,1994,1
VUT,1995,1
VUT,1996,1
VUT,1997,1
VUT,1998,1
VUT,1999,1
VUT,2000,1
VUT,2001,1
VUT,2002,1
VUT,2003,1
VUT,2004,1
VUT,2005,1
VUT,2006,1
VUT,2007,1
VUT,2008,1
VUT,2009,1
VUT,2010,1
VUT,2011,1
VUT,2012,1
VUT,2013,1
VUT,2014,1
VUT,2015,1
VUT,2016,1
VUT,2017,1
VUT,2018,1
VUT,2019,1
VUT,2020,1
WLF,1989,0
WLF,1990,0
WLF,1991,0
WLF,1992,0
WLF,1993,0
WLF,1994,0
WLF,1995,0
WLF,1996,0
WLF,1997,0
WLF,1998,0
WLF,1999,0
WLF,2000,0
WLF,2001,0
WLF,2002,0
WLF,2003,0
WLF,2004,0
WLF,2005,0
WLF,2006,0
WLF,2007,0
WLF,2008,0
WLF,2009,0
WLF,2010,0
WLF,2011,0
WLF,2012,0
WLF,2013,0
WLF,2014,0
WLF,2015,0
WLF,2016,0
WLF,2017,0
WLF,2018,0
WLF,2019,0
WLF,2020,0
LCA,1989,1
LCA,1990,1
LCA,1991,1
LCA,1992,1
LCA,1993,1
LCA,1994,1
LCA,1995,1
LCA,1996,1
LCA,1997,1
LCA,1998,1
LCA,1999,1
LCA,2000,1
LCA,2001,1
LCA,2002,1
LCA,2003,1
LCA,2004,1
LCA,2005,1
LCA,2006,1
LCA,2007,1
LCA,2008,1
LCA,2009,1
LCA,2010,1
LCA,2011,1
LCA,2012,1
LCA,2013,1
LCA,2014,1
LCA,2015,1
LCA,2016,1
LCA,2017,1
LCA,2018,1
LCA,2019,1
LCA,2020,1
FLK,1989,0
FLK,1990,0
FLK,1991,0
FLK,1992,0
FLK,1993,0
FLK,1994,0
FLK,1995,0
FLK,1996,0
FLK,1997,0
FLK,1998,0
FLK,1999,0
FLK,2000,0
FLK,2001,0
FLK,2002,0
FLK,2003,0
FLK,2004,0
FLK,2005,0
FLK,2006,0
FLK,2007,0
FLK,2008,0
FLK,2009,0
FLK,2010,0
FLK,2011,0
FLK,2012,0
FLK,2013,0
FLK,2014,0
FLK,2015,0
FLK,2016,0
FLK,2017,0
FLK,2018,0
FLK,2019,0
FLK,2020,0
FRO,1989,0
FRO,1990,0
FRO,1991,0
FRO,1992,0
FRO,1993,0
FRO,1994,0
FRO,1995,0
FRO,1996,0
FRO,1997,0
FRO,1998,0
FRO,1999,0
FRO,2000,0
FRO,2001,0
FRO,2002,0
FRO,2003,0
FRO,2004,0
FRO,2005,0
FRO,2006,0
FRO,2007,0
FRO,2008,0
FRO,2009,0
FRO,2010,0
FRO,2011,0
FRO,2012,0
FRO,2013,0
FRO,2014,0
FRO,2015,0
FRO,2016,0
FRO,2017,0
FRO,2018,0
FRO,2019,0
FRO,2020,0
NCL,1989,0
NCL,1990,0
NCL,1991,0
NCL,1992,0
NCL,1993,0
NCL,1994,0
NCL,1995,0
NCL,1996,0
NCL,1997,0
NCL,1998,0
NCL,1999,0
NCL,2000,0
NCL,2001,0
NCL,2002,0
NCL,2003,0
NCL,2004,0
NCL,2005,0
NCL,2006,0
NCL,2007,0
NCL,2008,0
NCL,2009,0
NCL,2010,0
NCL,2011,0
NCL,2012,0
NCL,2013,0
NCL,2014,0
NCL,2015,0
NCL,2016,0
NCL,2017,0
NCL,2018,0
NCL,2019,0
NCL,2020,0
GUF,1989,0
GUF,1990,0
GUF,1991,0
GUF,1992,0
GUF,1993,0
GUF,1994,0
GUF,1995,0
GUF,1996,0
GUF,1997,0
GUF,1998,0
GUF,1999,0
GUF,2000,0
GUF,2001,0
GUF,2002,0
GUF,2003,0
GUF,2004,0
GUF,2005,0
GUF,2006,0
GUF,2007,0
GUF,2008,0
GUF,2009,0
GUF,2010,0
GUF,2011,0
GUF,2012,0
GUF,2013,0
GUF,2014,0
GUF,2015,0
GUF,2016,0
GUF,2017,0
GUF,2018,0
GUF,2019,0
GUF,2020,0
MTQ,1989,0
MTQ,1990,0
MTQ,1991,0
MTQ,1992,0
MTQ,1993,0
MTQ,1994,0
MTQ,1995,0
MTQ,1996,0
MTQ,1997,0
MTQ,1998,0
MTQ,1999,0
MTQ,2000,0
MTQ,2001,0
MTQ,2002,0
MTQ,2003,0
MTQ,2004,0
MTQ,2005,0
MTQ,2006,0
MTQ,2007,0
MTQ,2008,0
MTQ,2009,0
MTQ,2010,0
MTQ,2011,0
MTQ,2012,0
MTQ,2013,0
MTQ,2014,0
MTQ,2015,0
MTQ,2016,0
MTQ,2017,0
MTQ,2018,0
MTQ,2019,0
MTQ,2020,0
CUW,1989,0
CUW,1990,0
CUW,1991,0
CUW,1992,0
CUW,1993,0
CUW,1994,0
CUW,1995,0
CUW,1996,0
CUW,1997,0
CUW,1998,0
CUW,1999,0
CUW,2000,0
CUW,2001,0
CUW,2002,0
CUW,2003,0
CUW,2004,0
CUW,2005,0
CUW,2006,0
CUW,2007,0
CUW,2008,0
CUW,2009,0
CUW,2010,0
CUW,2011,0
CUW,2012,0
CUW,2013,0
CUW,2014,0
CUW,2015,0
CUW,2016,0
CUW,2017,0
CUW,2018,0
CUW,2019,0
CUW,2020,0
MSR,1989,0
MSR,1990,0
MSR,1991,0
MSR,1992,0
MSR,1993,0
MSR,1994,0
MSR,1995,0
MSR,1996,0
MSR,1997,0
MSR,1998,0
MSR,1999,0
MSR,2000,0
MSR,2001,0
MSR,2002,0
MSR,2003,0
MSR,2004,0
MSR,2005,0
MSR,2006,0
MSR,2007,0
MSR,2008,0
MSR,2009,0
MSR,2010,0
MSR,2011,0
MSR,2012,0
MSR,2013,0
MSR,2014,0
MSR,2015,0
MSR,2016,0
MSR,2017,0
MSR,2018,0
MSR,2019,0
MSR,2020,0
BES,1989,0
BES,1990,0
BES,1991,0
BES,1992,0
BES,1993,0
BES,1994,0
BES,1995,0
BES,1996,0
BES,1997,0
BES,1998,0
BES,1999,0
BES,2000,0
BES,2001,0
BES,2002,0
BES,2003,0
BES,2004,0
BES,2005,0
BES,2006,0
BES,2007,0
BES,2008,0
BES,2009,0
BES,2010,0
BES,2011,0
BES,2012,0
BES,2013,0
BES,2014,0
BES,2015,0
BES,2016,0
BES,2017,0
BES,2018,0
BES,2019,0
BES,2020,0
COK,1989,0
COK,1990,0
COK,1991,0
COK,1992,0
COK,1993,0
COK,1994,0
COK,1995,0
COK,1996,0
COK,1997,0
COK,1998,0
COK,1999,0
COK,2000,0
COK,2001,0
COK,2002,0
COK,2003,0
COK,2004,0
COK,2005,0
COK,2006,0
COK,2007,0
COK,2008,0
COK,2009,0
COK,2010,0
COK,2011,0
COK,2012,0
COK,2013,0
COK,2014,0
COK,2015,0
COK,2016,0
COK,2017,0
COK,2018,0
COK,2019,0
COK,2020,0
SPM,1989,0
SPM,1990,0
SPM,1991,0
SPM,1992,0
SPM,1993,0
SPM,1994,0
SPM,1995,0
SPM,1996,0
SPM,1997,0
SPM,1998,0
SPM,1999,0
SPM,2000,0
SPM,2001,0
SPM,2002,0
SPM,2003,0
SPM,2004,0
SPM,2005,0
SPM,2006,0
SPM,2007,0
SPM,2008,0
SPM,2009,0
SPM,2010,0
SPM,2011,0
SPM,2012,0
SPM,2013,0
SPM,2014,0
SPM,2015,0
SPM,2016,0
SPM,2017,0
SPM,2018,0
SPM,2019,0
SPM,2020,0
SXM,1989,0
SXM,1990,0
SXM,1991,0
SXM,1992,0
SXM,1993,0
SXM,1994,0
SXM,1995,0
SXM,1996,0
SXM,1997,0
SXM,1998,0
SXM,1999,0
SXM,2000,0
SXM,2001,0
SXM,2002,0
SXM,2003,0
SXM,2004,0
SXM,2005,0
SXM,2006,0
SXM,2007,0
SXM,2008,0
SXM,2009,0
SXM,2010,0
SXM,2011,0
SXM,2012,0
SXM,2013,0
SXM,2014,0
SXM,2015,0
SXM,2016,0
SXM,2017,0
SXM,2018,0
SXM,2019,0
SXM,2020,0
